tag,tick,side,threat_m,threat_c,own_side_threat,threat_tx,threat_ty,modal_p1_pull_band,corner_p1_pull_band,modal_p1_close_penalty,corner_p1_close_penalty,modal_p2_cover,corner_p2_cover,modal_p3_intercept,corner_p3_intercept,modal_p4_spell_frac,corner_p4_spell_frac,modal_p4_nado,corner_p4_nado,modal_p4_king_activation,corner_p4_king_activation,modal_p5_timing,corner_p5_timing,modal_p6_siege,corner_p6_siege,modal_p7_fragility,corner_p7_fragility,modal_sum,corner_sum
000YLY2ULYLR,952,1,pekka,pekka,1,14.5,17.7,0.5269,0.0,-0.0,-0.0,1.0,0.5,0.0,0.0,0.0,0.0,0.0,0.0,0.0,0.0,1.0,1.0,0.0,0.0,0.0,0.0,2.5269,1.5
000YLY2ULYLR,1041,1,pekka,pekka,1,14.5,21.0,0.0,0.0,-0.0,-0.0,1.0,0.5,0.0,0.0,0.0,0.0,0.0,0.0,0.0,0.0,1.0,1.0,0.0,0.0,0.0,0.0,2.0,1.5
000YLY2ULYLR,1093,1,pekka,pekka,1,14.5,22.8,0.0,0.0,-0.0,-0.0,1.0,0.5,0.0,0.0,0.0,0.0,0.0,0.0,0.0,0.0,1.0,1.0,0.0,0.0,0.0,0.0,2.0,1.5
000YLY2ULYLR,1203,1,pekka,pekka,1,14.4,22.9,0.6594,0.0,-0.0,-0.0,0.5,0.5,0.0,0.0,0.0,0.0,0.0,0.0,0.0,0.0,1.0,1.0,0.0,0.0,0.0,0.0,2.1594,1.5
002YLLLP9JUR,1414,1,hog_rider,hog_rider,1,2.6,22.4,0.0,0.0,-0.0,-0.0,1.0,0.5,0.0,0.0,0.0,0.0,0.0,0.0,0.0,0.0,1.0,1.0,0.0,0.0,0.0,0.0,2.0,1.5
002YLLLP9JUR,3446,1,hog_rider,hog_rider,1,13.7,20.9,0.5,0.0,-0.0,-0.0,0.0,0.0,0.0,0.0,0.0,0.0,0.0,0.0,0.0,0.0,1.0,1.0,0.0,0.0,0.0,0.0,1.5,1.0
002YLLLP9JUR,3537,1,hog_rider,hog_rider,1,10.4,26.6,0.0,0.0,-0.0,-0.0,0.0,0.0,0.0,0.0,0.0,0.0,0.0,0.0,0.0,0.0,1.0,1.0,0.0,0.0,0.0,0.0,1.0,1.0
00LYPLCV08L9,1401,1,giant,giant,1,13.1,22.6,0.75,0.0,-0.0,-0.0,0.5,0.5,0.0,0.0,0.0,0.0,0.0,0.0,0.0,0.0,1.0,1.0,0.0,0.0,0.0,0.0,2.25,1.5
00LYPLCV08L9,2437,1,giant,giant,1,13.6,16.5,0.75,0.0,-0.0,-0.0,0.5,0.5,0.0,0.0,0.0,0.0,0.0,0.0,0.0,0.0,1.0,1.0,0.0,0.0,0.0,0.0,2.25,1.5
00LYPLCV08L9,2482,1,giant,giant,1,12.4,17.6,0.75,0.0,-0.0,-0.0,0.5,0.5,0.0,0.0,0.0,0.0,0.0,0.0,0.0,0.0,1.0,1.0,0.0,0.0,0.0,0.0,2.25,1.5
00LYPLCV08L9,2514,1,giant,giant,1,10.9,18.2,0.75,0.2053,-0.0,-0.0,0.5,0.5,0.0,0.0,0.0,0.0,0.0,0.0,0.0,0.0,1.0,1.0,0.0,0.0,0.0,0.0,2.25,1.7053
00LYPLCV08L9,2546,1,giant,giant,1,10.3,19.1,0.6058,0.0,-0.1748,-0.0,0.5,0.5,0.0,0.0,0.0,0.0,0.0,0.0,0.0,0.0,1.0,1.0,0.0,0.0,0.0,0.0,1.9309,1.5
00LYPLCV08L9,2673,1,giant,giant,1,8.0,21.2,0.1006,0.0,-0.7871,-0.0,0.5,0.5,0.0,0.0,0.0,0.0,0.0,0.0,0.0,0.0,1.0,1.0,0.0,0.0,0.0,0.0,0.8135,1.5
00LYPLCV08L9,2732,1,giant,giant,1,8.4,20.7,0.0,0.0,-0.9153,-0.0,0.5,0.5,0.0,0.0,0.0,0.0,0.0,0.0,0.0,0.0,1.0,1.0,0.0,0.0,0.0,0.0,0.5847,1.5
00LYPLCV08L9,3103,1,giant,giant,1,2.7,17.1,0.75,0.4236,-0.0,-0.3957,0.5,0.5,0.0,0.0,0.0,0.0,0.0,0.0,0.0,0.0,1.0,1.0,0.0,0.0,0.0,0.0,2.25,1.5279
00LYPLCV08L9,3142,1,giant,giant,1,2.7,17.1,0.75,0.4236,-0.0,-0.3957,0.5,0.5,0.0,0.0,0.0,0.0,0.0,0.0,0.0,0.0,1.0,1.0,0.0,0.0,0.0,0.0,2.25,1.5279
00LYPLCVPJR9,1001,1,giant,giant,0,2.8,15.0,0.6585,0.75,-0.0,-0.0,1.0,0.5,0.0,0.0,0.0,0.0,0.0,0.0,0.0,0.0,0.2222,0.2222,0.0,0.0,0.0,0.0,1.8807,1.4722
00LYPLCVPJR9,1131,1,giant,giant,1,3.4,17.4,1.0,0.5559,-0.0,-0.2353,1.0,0.5,0.0,0.0,0.0,0.0,0.0,0.0,0.0,0.0,1.0,1.0,0.0,0.0,0.0,0.0,3.0,1.8206
00LYPLCVPJR9,2585,1,giant,giant,0,11.5,0.8,0.0,0.0,-0.0,-0.0,0.5,0.0,0.0,0.0,0.0,0.0,0.0,0.0,0.0,0.0,0.0,0.0,0.0,0.0,0.0,0.0,0.5,0.0
00LYPLCVPJR9,2675,1,giant,giant,0,11.9,3.4,0.0,0.0,-0.0,-0.0,0.5,0.0,0.0,0.0,0.0,0.0,0.0,0.0,0.0,0.0,0.0,0.0,0.0,0.0,0.0,0.0,0.5,0.0
00LYPLCVPJR9,2786,1,giant,giant,0,12.4,7.4,0.0,0.0,-0.0,-0.0,0.5,0.0,0.0,0.0,0.0,0.0,0.0,0.0,0.0,0.0,0.0,0.0,0.0,0.0,0.0,0.0,0.5,0.0
00LYPLCVPJR9,2826,1,giant,giant,0,12.6,10.5,0.0,0.0,-0.0,-0.0,0.5,0.0,0.0,0.0,0.0,0.0,0.0,0.0,0.0,0.0,0.0,0.0,0.0,0.0,0.0,0.0,0.5,0.0
00LYPLCVPJR9,2875,1,giant,giant,0,13.0,12.9,0.0,0.0,-0.0,-0.0,0.5,0.0,0.0,0.0,0.0,0.0,0.0,0.0,0.0,0.0,0.0,0.0,0.0,0.0,0.0,0.0,0.5,0.0
00LYPLCVPJR9,3072,1,giant,giant,1,11.1,20.3,0.5597,0.0,-0.2306,-0.0,0.5,0.0,0.0,0.0,0.0,0.0,0.0,0.0,0.0,0.0,1.0,1.0,0.0,0.0,0.0,0.0,1.8291,1.0
00LYPLCVPJR9,3315,1,giant,giant,1,8.4,25.9,0.0,0.0,-0.0,-0.0,0.5,0.0,0.0,0.0,0.0,0.0,0.0,0.0,0.0,0.0,1.0,1.0,0.0,0.0,0.0,0.0,1.5,1.0
00LYPLCVPJR9,3396,1,giant,giant,1,8.6,25.9,0.0,0.0,-0.0,-0.0,0.5,0.0,0.0,0.0,0.0,0.0,0.0,0.0,0.0,0.0,1.0,1.0,0.0,0.0,0.0,0.0,1.5,1.0
00LYPLJLC80L,193,1,hog_rider,hog_rider,1,16.0,17.5,0.0,0.0,-0.0,-0.0,1.0,0.5,0.0,0.0,0.0,0.0,0.0,0.0,0.0,0.0,1.0,1.0,0.0,0.0,0.0,0.0,2.0,1.5
00LYPLJLC80L,419,1,hog_rider,hog_rider,1,14.9,23.4,0.0,0.0,-0.0,-0.0,1.0,0.5,0.0,0.0,0.0,0.0,0.0,0.0,0.0,0.0,1.0,1.0,0.0,0.0,0.0,0.0,2.0,1.5
00LYPLJLC80L,1161,1,hog_rider,hog_rider,1,1.8,17.0,0.0,0.4738,-0.0,-0.4092,1.0,0.5,0.0,0.0,0.0,0.0,0.0,0.0,0.0,0.0,1.0,1.0,0.0,0.0,0.0,0.0,2.0,1.5645
00LYPLJLC80L,1208,1,hog_rider,hog_rider,1,4.8,18.4,1.0,0.75,-0.0,-0.0,1.0,0.5,0.0,0.0,0.0,0.0,0.0,0.0,0.0,0.0,1.0,1.0,0.0,0.0,0.0,0.0,3.0,2.25
00LYPLJLC80L,3016,1,hog_rider,hog_rider,1,2.4,23.7,0.0,0.0,-0.0,-0.0,1.0,0.5,0.0,0.0,0.0,0.0,0.0,0.0,0.0,0.0,1.0,1.0,0.0,0.0,0.0,0.0,2.0,1.5
00LYPLJLC80L,3179,1,hog_rider,hog_rider,1,2.4,23.7,0.0,0.0,-0.0,-0.0,1.0,0.5,0.0,0.0,0.0,0.0,0.0,0.0,0.0,0.0,1.0,1.0,0.0,0.0,0.0,0.0,2.0,1.5
00LYPLJLC80L,3254,1,hog_rider,hog_rider,0,1.2,6.5,0.0,0.0,-0.0,-0.0,1.0,0.5,0.0,0.0,0.0,0.0,0.0,0.0,0.0,0.0,0.0,0.0,0.0,0.0,0.0,0.0,1.0,0.5
00LYPLJLC80L,3381,1,hog_rider,hog_rider,1,6.3,17.7,1.0,0.75,-0.0,-0.0,1.0,0.5,0.0,0.0,0.0,0.0,0.0,0.0,0.0,0.0,1.0,1.0,0.0,0.0,0.0,0.0,3.0,2.25
00LYPLJLC80L,4328,1,hog_rider,hog_rider,0,4.8,14.2,1.0,0.75,-0.0,-0.0,1.0,0.5,0.0,0.0,0.0,0.0,0.0,0.0,0.0,0.0,0.5975,0.5975,0.0,0.0,0.0,0.0,2.5975,1.8475
00LYPLJLC80L,4357,1,hog_rider,hog_rider,1,3.7,17.0,1.0,0.75,-0.0,-0.0,1.0,0.5,0.0,0.0,0.0,0.0,0.0,0.0,0.0,0.0,1.0,1.0,0.0,0.0,0.0,0.0,3.0,2.25
00LYPLJLQ80J,1072,1,giant,giant,0,12.0,5.0,0.0,0.0,-0.0,-0.0,1.0,0.5,0.0,0.0,0.0,0.0,0.0,0.0,0.0,0.0,0.0,0.0,0.0,0.0,0.0,0.0,1.0,0.5
00LYPLJLYQCR,181,1,hog_rider,hog_rider,1,15.8,18.2,0.0,0.0,-0.0,-0.0,1.0,0.5,0.0,0.0,0.0,0.0,0.0,0.0,0.0,0.0,1.0,1.0,0.0,0.0,0.0,0.0,2.0,1.5
00LYPLJLYQCR,208,1,hog_rider,hog_rider,1,15.4,20.7,0.0,0.0,-0.0,-0.0,1.0,0.5,0.0,0.0,0.0,0.0,0.0,0.0,0.0,0.0,1.0,1.0,0.0,0.0,0.0,0.0,2.0,1.5
00LYPLR0C8GJ,736,1,hog_rider,hog_rider,1,16.2,16.3,0.0,0.0,-0.0,-0.0,1.0,0.5,0.0,0.0,0.0,0.0,0.0,0.0,0.0,0.0,1.0,1.0,0.0,0.0,0.0,0.0,2.0,1.5
00LYPLR0C8GJ,766,1,hog_rider,hog_rider,1,15.6,19.2,0.0,0.0,-0.0,-0.0,1.0,0.5,0.0,0.0,0.0,0.0,0.0,0.0,0.0,0.0,1.0,1.0,0.0,0.0,0.0,0.0,2.0,1.5
00LYPLR0C8GJ,853,1,hog_rider,hog_rider,1,14.9,23.4,0.0,0.0,-0.0,-0.0,1.0,0.5,0.0,0.0,0.0,0.0,0.0,0.0,0.0,0.0,1.0,1.0,0.0,0.0,0.0,0.0,2.0,1.5
00LYPLR0C8GJ,1471,1,hog_rider,hog_rider,1,12.5,19.3,1.0,0.0,-0.0,-0.0,1.0,0.5,0.0,0.0,0.0,0.0,0.0,0.0,0.0,0.0,1.0,1.0,0.0,0.0,0.0,0.0,3.0,1.5
00LYPLR0C8GJ,1667,1,hog_rider,hog_rider,1,13.4,23.5,0.0,0.0,-0.0,-0.0,1.0,0.5,0.0,0.0,0.0,0.0,0.0,0.0,0.0,0.0,1.0,1.0,0.0,0.0,0.0,0.0,2.0,1.5
00LYPLR0C8GJ,1982,1,hog_rider,hog_rider,1,15.7,19.0,0.0,0.0,-0.0,-0.0,1.0,0.5,0.0,0.0,0.0,0.0,0.0,0.0,0.0,0.0,1.0,1.0,0.0,0.0,0.0,0.0,2.0,1.5
00LYPLR0C8GJ,2967,1,hog_rider,hog_rider,1,3.5,17.9,0.75,0.6705,-0.0,-0.1177,0.5,0.5,0.0,0.0,0.0,0.0,0.0,0.0,0.0,0.0,1.0,1.0,0.0,0.0,0.0,0.0,2.25,2.0528
00LYPLR0C8GJ,3006,1,hog_rider,hog_rider,1,4.9,18.1,0.75,0.75,-0.0,-0.0,0.5,0.5,0.0,0.0,0.0,0.0,0.0,0.0,0.0,0.0,1.0,1.0,0.0,0.0,0.0,0.0,2.25,2.25
00LYPLR0C8GJ,3057,1,hog_rider,hog_rider,1,5.4,21.0,0.75,0.0,-0.0,-0.0,0.5,0.5,0.0,0.0,0.0,0.0,0.0,0.0,0.0,0.0,1.0,1.0,0.0,0.0,0.0,0.0,2.25,1.5
00LYPLR0C8GJ,3511,1,hog_rider,hog_rider,1,4.4,23.5,0.0,0.0,-0.0,-0.0,0.5,0.5,0.0,0.0,0.0,0.0,0.0,0.0,0.0,0.0,1.0,1.0,0.0,0.0,0.0,0.0,1.5,1.5
00LYPQ28PU22,1865,1,giant,giant,0,3.5,15.5,0.75,0.75,-0.0,-0.0,0.5,0.5,0.0,0.0,0.0,0.0,0.0,0.0,0.0,0.0,0.8667,0.8667,0.0,0.0,0.0,0.0,2.1167,2.1167
00LYPQ28PU22,2641,1,giant,giant,1,3.5,16.1,0.75,0.75,-0.0,-0.0,0.5,0.5,0.0,0.0,0.0,0.0,0.0,0.0,0.0,0.0,1.0,1.0,0.0,0.0,0.0,0.0,2.25,2.25
00LYPQ28PU22,2768,1,giant,giant,1,3.0,17.1,0.75,0.5035,-0.0,-0.2988,0.5,0.5,0.0,0.0,0.0,0.0,0.0,0.0,0.0,0.0,1.0,1.0,0.0,0.0,0.0,0.0,2.25,1.7047
00UYPL99P28R,626,1,hog_rider,hog_rider,1,15.4,20.6,0.0,0.0,-0.0,-0.0,1.0,0.5,0.0,0.0,0.0,0.0,0.0,0.0,0.0,0.0,1.0,1.0,0.0,0.0,0.0,0.0,2.0,1.5
00UYPL99P28R,683,1,hog_rider,hog_rider,1,14.9,23.4,0.0,0.0,-0.0,-0.0,1.0,0.5,0.0,0.0,0.0,0.0,0.0,0.0,0.0,0.0,1.0,1.0,0.0,0.0,0.0,0.0,2.0,1.5
00UYPL99PV2P,1013,1,giant,giant,0,14.6,15.6,1.0,0.0,-0.0,-0.0,1.0,0.5,0.0,0.0,0.0,0.0,0.0,0.0,0.0,0.0,0.9727,0.9727,0.0,0.0,0.0,0.0,2.9727,1.4727
00UYPL99PV2P,1126,1,giant,giant,1,14.4,19.7,0.0,0.0,-0.0,-0.0,1.0,0.5,0.0,0.0,0.0,0.0,0.0,0.0,0.0,0.0,1.0,1.0,0.0,0.0,0.0,0.0,2.0,1.5
00UYPLLR2JVJ,2304,1,pekka,pekka,0,2.7,15.0,0.0,0.75,-0.0,-0.0,1.0,0.5,0.0,0.0,0.0,0.0,0.0,0.0,0.0,0.0,0.2044,0.2044,0.0,0.0,0.0,0.0,1.2044,1.4544
00UYPLLR2JVJ,2427,1,pekka,pekka,1,5.8,18.6,1.0,0.75,-0.0,-0.0,1.0,0.5,0.0,0.0,0.0,0.0,0.0,0.0,0.0,0.0,1.0,1.0,0.0,0.0,0.0,0.0,3.0,2.25
00UYPLLR2JVJ,2525,1,pekka,pekka,1,6.9,21.0,0.7034,0.0,-0.2696,-0.0,1.0,0.5,0.0,0.0,0.0,0.0,0.0,0.0,0.0,0.0,1.0,1.0,0.0,0.0,0.0,0.0,2.4338,1.5
00UYPLLR2JVJ,4221,1,pekka,pekka,0,14.5,15.8,0.0,0.0,-0.0,-0.0,1.0,0.5,0.0,0.0,0.0,0.0,0.0,0.0,0.0,0.0,1.0,1.0,0.0,0.0,0.0,0.0,2.0,1.5
00UYPLLR2JVJ,4332,1,pekka,pekka,1,14.3,18.5,0.8251,0.0,-0.0,-0.0,1.0,0.5,0.0,0.0,0.0,0.0,0.0,0.0,0.0,0.0,1.0,1.0,0.0,0.0,0.0,0.0,2.8251,1.5
00UYPLLR2JVJ,4404,1,pekka,pekka,1,11.3,18.7,1.0,0.0,-0.0,-0.0,1.0,0.5,0.0,0.0,0.0,0.0,0.0,0.0,0.0,0.0,1.0,1.0,0.0,0.0,0.0,0.0,3.0,1.5
00UYPLLR2JVJ,4497,1,pekka,pekka,1,11.0,19.8,0.8287,0.0,-0.1557,-0.0,1.0,0.5,0.0,0.0,0.0,0.0,0.0,0.0,0.0,0.0,1.0,1.0,0.0,0.0,0.0,0.0,2.6729,1.5
00UYPLLR2JVJ,4582,1,pekka,pekka,1,12.4,22.0,0.0,0.0,-0.0,-0.0,1.0,0.5,0.0,0.0,0.0,0.0,0.0,0.0,0.0,0.0,1.0,1.0,0.0,0.0,0.0,0.0,2.0,1.5
00UYPLLR2JVJ,4664,1,pekka,pekka,1,13.1,23.2,0.0,0.0,-0.0,-0.0,1.0,0.5,0.0,0.0,0.0,0.0,0.0,0.0,0.0,0.0,1.0,1.0,0.0,0.0,0.0,0.0,2.0,1.5
020YPYLPPCPQ,232,1,hog_rider,hog_rider,1,1.8,16.9,0.0,0.4841,-0.0,-0.3939,1.0,0.5,0.0,0.0,0.0,0.0,0.0,0.0,0.0,0.0,1.0,1.0,0.0,0.0,0.0,0.0,2.0,1.5903
020YPYLPPCPQ,837,1,hog_rider,hog_rider,1,3.3,23.3,0.0,0.0,-0.0,-0.0,1.0,0.5,0.0,0.0,0.0,0.0,0.0,0.0,0.0,0.0,1.0,1.0,0.0,0.0,0.0,0.0,2.0,1.5
020YPYLPPCPQ,1432,1,hog_rider,hog_rider,1,1.9,16.9,0.0,0.5228,-0.0,-0.3367,1.0,0.5,0.0,0.0,0.0,0.0,0.0,0.0,0.0,0.0,1.0,1.0,0.0,0.0,0.0,0.0,2.0,1.6861
020YPYLPPCPQ,1478,1,hog_rider,hog_rider,1,2.8,21.6,0.0,0.0,-0.0,-0.0,1.0,0.5,0.0,0.0,0.0,0.0,0.0,0.0,0.0,0.0,1.0,1.0,0.0,0.0,0.0,0.0,2.0,1.5
020YPYLPPCPQ,1545,1,hog_rider,hog_rider,1,6.3,20.8,1.0,0.0,-0.0,-0.0,1.0,0.5,0.0,0.0,0.0,0.0,0.0,0.0,0.0,0.0,1.0,1.0,0.0,0.0,0.0,0.0,3.0,1.5
020YPYLPPCPQ,3411,1,hog_rider,hog_rider,1,8.3,18.1,0.5,0.5,-0.0,-0.0,0.0,0.0,0.0,0.0,0.0,0.0,0.0,0.0,0.0,0.0,1.0,1.0,0.0,0.0,0.0,0.0,1.5,1.5
020YPYLPPCPQ,3461,1,hog_rider,hog_rider,1,8.4,19.6,0.3163,0.5,-0.4081,-0.0,0.0,0.0,0.0,0.0,0.0,0.0,0.0,0.0,0.0,0.0,1.0,1.0,0.0,0.0,0.0,0.0,0.9082,1.5
020YPYLPPCPQ,3597,1,hog_rider,hog_rider,1,8.8,26.3,0.0,0.0,-0.0,-0.0,0.0,0.0,0.0,0.0,0.0,0.0,0.0,0.0,0.0,0.0,1.0,1.0,0.0,0.0,0.0,0.0,1.0,1.0
022YYLV9V90G,2186,1,giant,giant,1,14.5,20.7,0.0,0.0,-0.0,-0.0,0.5,0.0,0.0,0.0,0.0,0.0,0.0,0.0,0.0,0.0,1.0,1.0,0.0,0.0,0.0,0.0,1.5,1.0
022YYLV9V90G,2235,1,giant,giant,1,14.5,22.0,0.0,0.0,-0.0,-0.0,0.5,0.0,0.0,0.0,0.0,0.0,0.0,0.0,0.0,0.0,1.0,1.0,0.0,0.0,0.0,0.0,1.5,1.0
022YYLV9V90G,2336,1,giant,giant,1,2.7,17.2,0.75,0.2672,-0.0,-0.4232,0.5,0.0,0.0,0.0,0.0,0.0,0.0,0.0,0.0,0.0,1.0,1.0,0.0,0.0,0.0,0.0,2.25,0.8441
022YYLV9V90G,2638,1,giant,giant,1,5.9,23.2,0.75,0.0,-0.0,-0.0,0.5,0.0,0.0,0.0,0.0,0.0,0.0,0.0,0.0,0.0,1.0,1.0,0.0,0.0,0.0,0.0,2.25,1.0
022YYLV9V90G,2877,1,giant,giant,0,2.8,15.6,0.6398,0.5,-0.0,-0.0,0.5,0.0,0.0,0.0,0.0,0.0,0.0,0.0,0.0,0.0,0.5682,0.5682,0.0,0.0,0.0,0.0,1.708,1.0682
022YYLV9V90G,3499,1,giant,giant,0,13.1,14.5,0.1375,0.0,-0.0,-0.0,0.0,0.0,0.0,0.0,0.0,0.0,0.0,0.0,0.0,0.0,0.0,0.0,0.0,0.0,0.0,0.0,0.1375,0.0
022YYLV9YVJL,462,1,giant,giant,0,11.6,2.1,0.0,0.0,-0.0,-0.0,1.0,0.5,0.0,0.0,0.0,0.0,0.0,0.0,0.0,0.0,0.0,0.0,0.0,0.0,0.0,0.0,1.0,0.5
022YYLV9YVJL,632,1,giant,giant,0,12.5,8.3,0.0,0.0,-0.0,-0.0,1.0,0.5,0.0,0.0,0.0,0.0,0.0,0.0,0.0,0.0,0.0,0.0,0.0,0.0,0.0,0.0,1.0,0.5
022YYLV9YVJL,823,1,giant,giant,0,13.7,14.5,0.4251,0.0,-0.0,-0.0,1.0,0.5,0.0,0.0,0.0,0.0,0.0,0.0,0.0,0.0,0.0,0.0,0.0,0.0,0.0,0.0,1.4251,0.5
022YYLV9YVJL,868,1,giant,giant,0,13.8,15.4,0.8162,0.0,-0.0,-0.0,1.0,0.5,0.0,0.0,0.0,0.0,0.0,0.0,0.0,0.0,0.5026,0.5026,0.0,0.0,0.0,0.0,2.3188,1.0026
022YYLV9YVJL,902,1,giant,giant,1,14.1,16.6,1.0,0.0,-0.0,-0.0,1.0,0.5,0.0,0.0,0.0,0.0,0.0,0.0,0.0,0.0,1.0,1.0,0.0,0.0,0.0,0.0,3.0,1.5
022YYLV9YVJL,938,1,giant,giant,1,13.3,16.9,1.0,0.0,-0.0,-0.0,1.0,0.5,0.0,0.0,0.0,0.0,0.0,0.0,0.0,0.0,1.0,1.0,0.0,0.0,0.0,0.0,3.0,1.5
022YYLV9YVJL,1961,1,giant,giant,0,11.5,0.8,0.0,0.0,-0.0,-0.0,1.0,0.5,0.0,0.0,0.0,0.0,0.0,0.0,0.0,0.0,0.0,0.0,0.0,0.0,0.0,0.0,1.0,0.5
022YYLV9YVJL,2049,1,giant,giant,0,11.9,3.9,0.0,0.0,-0.0,-0.0,1.0,0.5,0.0,0.0,0.0,0.0,0.0,0.0,0.0,0.0,0.0,0.0,0.0,0.0,0.0,0.0,1.0,0.5
022YYLV9YVJL,2165,1,giant,giant,0,12.5,8.2,0.0,0.0,-0.0,-0.0,1.0,0.5,0.0,0.0,0.0,0.0,0.0,0.0,0.0,0.0,0.0,0.0,0.0,0.0,0.0,0.0,1.0,0.5
022YYLV9YVJL,2231,1,giant,giant,0,13.0,10.6,0.0,0.0,-0.0,-0.0,1.0,0.5,0.0,0.0,0.0,0.0,0.0,0.0,0.0,0.0,0.0,0.0,0.0,0.0,0.0,0.0,1.0,0.5
022YYLV9YVJL,2335,1,giant,giant,0,13.6,14.2,0.2929,0.0,-0.0,-0.0,1.0,0.5,0.0,0.0,0.0,0.0,0.0,0.0,0.0,0.0,0.0,0.0,0.0,0.0,0.0,0.0,1.2929,0.5
022YYLV9YVJL,2412,1,giant,giant,0,13.8,15.2,0.7264,0.0,-0.0,-0.0,1.0,0.5,0.0,0.0,0.0,0.0,0.0,0.0,0.0,0.0,0.343,0.343,0.0,0.0,0.0,0.0,2.0694,0.843
022YYLV9YVJL,2451,1,giant,giant,0,13.8,15.5,0.8404,0.0,-0.0,-0.0,1.0,0.5,0.0,0.0,0.0,0.0,0.0,0.0,0.0,0.0,0.5456,0.5456,0.0,0.0,0.0,0.0,2.3859,1.0456
022YYLV9YVJL,2916,1,giant,giant,0,5.5,8.5,0.0,0.0,-0.0,-0.0,1.0,0.5,0.0,0.0,0.0,0.0,0.0,0.0,0.0,0.0,0.0,0.0,0.0,0.0,0.0,0.0,1.0,0.5
022YYLV9YVJL,3001,1,giant,giant,0,4.7,14.6,0.3474,0.75,-0.0,-0.0,1.0,0.5,0.0,0.0,0.0,0.0,0.0,0.0,0.0,0.0,0.0,0.0,0.0,0.0,0.0,0.0,1.3474,1.25
022YYLV9YVJL,3031,1,giant,giant,0,5.3,15.8,0.382,0.75,-0.0,-0.0,1.0,0.5,0.0,0.0,0.0,0.0,0.0,0.0,0.0,0.0,0.0,0.0,0.0,0.0,0.0,0.0,1.382,1.25
022YYLV9YVJL,3061,1,giant,giant,1,6.3,17.6,1.0,0.75,-0.0,-0.0,1.0,0.5,0.0,0.0,0.0,0.0,0.0,0.0,0.0,0.0,1.0,1.0,0.0,0.0,0.0,0.0,3.0,2.25
022YYLV9YVJL,3133,1,giant,giant,1,6.4,19.0,1.0,0.75,-0.0,-0.0,1.0,0.5,0.0,0.0,0.0,0.0,0.0,0.0,0.0,0.0,1.0,1.0,0.0,0.0,0.0,0.0,3.0,2.25
022YYLV9YVJL,3205,1,giant,giant,1,5.4,21.2,1.0,0.0,-0.0,-0.0,1.0,0.5,0.0,0.0,0.0,0.0,0.0,0.0,0.0,0.0,1.0,1.0,0.0,0.0,0.0,0.0,3.0,1.5
022YYLV9YVJL,3247,1,giant,giant,1,4.8,22.5,0.0,0.0,-0.0,-0.0,1.0,0.5,0.0,0.0,0.0,0.0,0.0,0.0,0.0,0.0,1.0,1.0,0.0,0.0,0.0,0.0,2.0,1.5
022YYLV9YVJL,4588,1,giant,giant,0,16.5,14.5,0.0335,0.0,-0.0,-0.0,1.0,0.5,0.0,0.0,0.0,0.0,0.0,0.0,0.0,0.0,0.0,0.0,0.0,0.0,0.0,0.0,1.0335,0.5
022YYLV9YVJL,4651,1,giant,giant,0,15.2,15.8,0.8984,0.0,-0.0,-0.0,1.0,0.5,0.0,0.0,0.0,0.0,0.0,0.0,0.0,0.0,0.6488,0.6488,0.0,0.0,0.0,0.0,2.5472,1.1488
022YYLV9YVJL,4712,1,giant,giant,1,14.5,17.6,1.0,0.0,-0.0,-0.0,1.0,0.5,0.0,0.0,0.0,0.0,0.0,0.0,0.0,0.0,1.0,1.0,0.0,0.0,0.0,0.0,3.0,1.5
022YYLV9YVJL,4769,1,giant,giant,1,12.5,17.8,1.0,0.0,-0.0,-0.0,1.0,0.5,0.0,0.0,0.0,0.0,0.0,0.0,0.0,0.0,1.0,1.0,0.0,0.0,0.0,0.0,3.0,1.5
022YYLV9YVJL,4821,1,giant,giant,1,11.2,18.4,1.0,0.0,-0.0,-0.0,1.0,0.5,0.0,0.0,0.0,0.0,0.0,0.0,0.0,0.0,1.0,1.0,0.0,0.0,0.0,0.0,3.0,1.5
022YYLV9YVJL,4858,1,giant,giant,1,10.6,18.6,1.0,0.0,-0.0,-0.0,1.0,0.5,0.0,0.0,0.0,0.0,0.0,0.0,0.0,0.0,1.0,1.0,0.0,0.0,0.0,0.0,3.0,1.5
022YYLV9YVJL,5196,1,giant,giant,0,13.3,14.8,0.4251,0.0,-0.0,-0.0,1.0,0.5,0.0,0.0,0.0,0.0,0.0,0.0,0.0,0.0,0.0,0.0,0.0,0.0,0.0,0.0,1.4251,0.5
022YYLV9YVJL,5207,1,giant,giant,0,13.7,15.0,0.6278,0.0,-0.0,-0.0,1.0,0.5,0.0,0.0,0.0,0.0,0.0,0.0,0.0,0.0,0.1676,0.1676,0.0,0.0,0.0,0.0,1.7954,0.6676
022YYLV9YVJL,5255,1,giant,giant,1,13.1,16.3,1.0,0.0,-0.0,-0.0,1.0,0.5,0.0,0.0,0.0,0.0,0.0,0.0,0.0,0.0,1.0,1.0,0.0,0.0,0.0,0.0,3.0,1.5
022YYLV9YVJL,5288,1,giant,giant,1,12.1,16.8,1.0,0.0,-0.0,-0.0,1.0,0.5,0.0,0.0,0.0,0.0,0.0,0.0,0.0,0.0,1.0,1.0,0.0,0.0,0.0,0.0,3.0,1.5
022YYLV9YVJL,5336,1,giant,giant,1,10.5,17.1,1.0,0.0,-0.0,-0.0,1.0,0.5,0.0,0.0,0.0,0.0,0.0,0.0,0.0,0.0,1.0,1.0,0.0,0.0,0.0,0.0,3.0,1.5
022YYLV9YVJL,5562,1,giant,giant,1,14.5,17.4,1.0,0.0,-0.0,-0.0,1.0,0.5,0.0,0.0,0.0,0.0,0.0,0.0,0.0,0.0,1.0,1.0,0.0,0.0,0.0,0.0,3.0,1.5
022YYLV9YVJL,5588,1,giant,giant,1,14.5,18.5,1.0,0.0,-0.0,-0.0,1.0,0.5,0.0,0.0,0.0,0.0,0.0,0.0,0.0,0.0,1.0,1.0,0.0,0.0,0.0,0.0,3.0,1.5
022YYLV9YVJL,5614,1,giant,giant,1,14.4,18.6,1.0,0.0,-0.0,-0.0,1.0,0.5,0.0,0.0,0.0,0.0,0.0,0.0,0.0,0.0,1.0,1.0,0.0,0.0,0.0,0.0,3.0,1.5
022YYLV9YVJL,5675,1,giant,giant,1,14.4,20.5,0.0,0.0,-0.0,-0.0,1.0,0.5,0.0,0.0,0.0,0.0,0.0,0.0,0.0,0.0,1.0,1.0,0.0,0.0,0.0,0.0,2.0,1.5
022YYLV9YVJL,5715,1,giant,giant,1,14.5,19.1,0.0,0.0,-0.0,-0.0,1.0,0.5,0.0,0.0,0.0,0.0,0.0,0.0,0.0,0.0,1.0,1.0,0.0,0.0,0.0,0.0,2.0,1.5
022YYLV9YVJL,5735,1,giant,giant,1,14.5,19.8,0.0,0.0,-0.0,-0.0,1.0,0.5,0.0,0.0,0.0,0.0,0.0,0.0,0.0,0.0,1.0,1.0,0.0,0.0,0.0,0.0,2.0,1.5
022YYLV9YVJL,5783,1,giant,giant,1,14.5,21.1,0.0,0.0,-0.0,-0.0,1.0,0.5,0.0,0.0,0.0,0.0,0.0,0.0,0.0,0.0,1.0,1.0,0.0,0.0,0.0,0.0,2.0,1.5
022YYQ92909Q,711,1,giant,giant,0,15.2,15.3,0.7705,0.0,-0.0,-0.0,1.0,0.5,0.0,0.0,0.0,0.0,0.0,0.0,0.0,0.0,0.4214,0.4214,0.0,0.0,0.0,0.0,2.1919,0.9214
022YYQ92909Q,981,1,giant,giant,1,14.8,22.8,0.0,0.0,-0.0,-0.0,1.0,0.5,0.0,0.0,0.0,0.0,0.0,0.0,0.0,0.0,1.0,1.0,0.0,0.0,0.0,0.0,2.0,1.5
022YYQ92909Q,1216,1,giant,giant,1,14.8,22.8,0.0,0.0,-0.0,-0.0,1.0,0.5,0.0,0.0,0.0,0.0,0.0,0.0,0.0,0.0,1.0,1.0,0.0,0.0,0.0,0.0,2.0,1.5
022YYYUCVPR9,731,1,hog_rider,hog_rider,1,14.9,23.2,0.0,0.0,-0.0,-0.0,1.0,0.5,0.0,0.0,0.0,0.0,0.0,0.0,0.0,0.0,1.0,1.0,0.0,0.0,0.0,0.0,2.0,1.5
022YYYUCVPR9,758,1,hog_rider,hog_rider,1,14.9,23.4,0.0,0.0,-0.0,-0.0,1.0,0.5,0.0,0.0,0.0,0.0,0.0,0.0,0.0,0.0,1.0,1.0,0.0,0.0,0.0,0.0,2.0,1.5
022YYYUCVPR9,815,1,hog_rider,hog_rider,1,15.0,23.3,0.0,0.0,-0.0,-0.0,1.0,0.5,0.0,0.0,0.0,0.0,0.0,0.0,0.0,0.0,1.0,1.0,0.0,0.0,0.0,0.0,2.0,1.5
022YYYUCVPR9,2295,1,hog_rider,hog_rider,1,16.4,17.1,0.0,0.0,-0.0,-0.0,1.0,0.5,0.0,0.0,0.0,0.0,0.0,0.0,0.0,0.0,1.0,1.0,0.0,0.0,0.0,0.0,2.0,1.5
022YYYUCVPR9,2326,1,hog_rider,hog_rider,1,15.8,20.0,0.0,0.0,-0.0,-0.0,1.0,0.5,0.0,0.0,0.0,0.0,0.0,0.0,0.0,0.0,1.0,1.0,0.0,0.0,0.0,0.0,2.0,1.5
022YYYUCVPR9,2821,1,hog_rider,hog_rider,1,12.6,20.2,0.75,0.0,-0.0,-0.0,0.5,0.5,0.0,0.0,0.0,0.0,0.0,0.0,0.0,0.0,1.0,1.0,0.0,0.0,0.0,0.0,2.25,1.5
022YYYUCVPR9,2888,1,hog_rider,hog_rider,1,10.0,26.6,0.0,0.0,-0.0,-0.0,0.5,0.5,0.0,0.0,0.0,0.0,0.0,0.0,0.0,0.0,1.0,1.0,0.0,0.0,0.0,0.0,1.5,1.5
022YYYUCVPR9,3264,1,hog_rider,hog_rider,1,10.4,21.9,0.5111,0.0,-0.3539,-0.0,0.5,0.5,0.0,0.0,0.0,0.0,0.0,0.0,0.0,0.0,1.0,1.0,0.0,0.0,0.0,0.0,1.6572,1.5
022YYYUCVPR9,3321,1,hog_rider,hog_rider,1,10.0,23.5,0.75,0.0,-0.0,-0.0,0.5,0.5,0.0,0.0,0.0,0.0,0.0,0.0,0.0,0.0,1.0,1.0,0.0,0.0,0.0,0.0,2.25,1.5
02GY9GJGYJUV,761,1,giant,giant,1,3.5,16.6,1.0,0.75,-0.0,-0.0,1.0,0.5,0.0,0.0,0.0,0.0,0.0,0.0,0.0,0.0,1.0,1.0,0.0,0.0,0.0,0.0,3.0,2.25
02GY9GJGYJUV,905,1,giant,giant,1,7.2,17.8,1.0,0.75,-0.0,-0.0,1.0,0.5,0.0,0.0,0.0,0.0,0.0,0.0,0.0,0.0,1.0,1.0,0.0,0.0,0.0,0.0,3.0,2.25
02GY9GJGYJUV,1236,1,giant,giant,1,5.6,24.1,0.0,0.0,-0.0,-0.0,0.5,0.0,0.0,0.0,0.0,0.0,0.0,0.0,0.0,0.0,1.0,1.0,0.0,0.0,0.0,0.0,1.5,1.0
02GY9GJGYJUV,1267,1,giant,giant,1,6.3,25.1,0.0,0.0,-0.0,-0.0,0.5,0.0,0.0,0.0,0.0,0.0,0.0,0.0,0.0,0.0,1.0,1.0,0.0,0.0,0.0,0.0,1.5,1.0
02GY9GJRPQ89,629,1,giant,giant,0,5.9,5.7,0.0,0.0,-0.0,-0.0,1.0,0.5,0.0,0.0,0.0,0.0,0.0,0.0,0.0,0.0,0.0,0.0,0.0,0.0,0.0,0.0,1.0,0.5
02GY9GJRPQ89,871,1,giant,giant,0,4.3,14.6,0.469,0.75,-0.0,-0.0,1.0,0.5,0.0,0.0,0.0,0.0,0.0,0.0,0.0,0.0,0.0,0.0,0.0,0.0,0.0,0.0,1.469,1.25
02GY9GJRPQ89,924,1,giant,giant,1,4.3,16.5,1.0,0.75,-0.0,-0.0,1.0,0.5,0.0,0.0,0.0,0.0,0.0,0.0,0.0,0.0,1.0,1.0,0.0,0.0,0.0,0.0,3.0,2.25
02GY9GJRPQ89,2004,1,giant,giant,0,5.9,5.8,0.0,0.0,-0.0,-0.0,1.0,0.5,0.0,0.0,0.0,0.0,0.0,0.0,0.0,0.0,0.0,0.0,0.0,0.0,0.0,0.0,1.0,0.5
02GY9GJRPQ89,2161,1,giant,giant,0,4.9,11.6,0.0,0.75,-0.0,-0.0,1.0,0.5,0.0,0.0,0.0,0.0,0.0,0.0,0.0,0.0,0.0,0.0,0.0,0.0,0.0,0.0,1.0,1.25
02GY9GJRPQ89,2258,1,giant,giant,0,4.2,15.1,0.7167,0.75,-0.0,-0.0,1.0,0.5,0.0,0.0,0.0,0.0,0.0,0.0,0.0,0.0,0.3257,0.3257,0.0,0.0,0.0,0.0,2.0424,1.5757
02GY9GJRPQ89,2328,1,giant,giant,1,5.1,16.6,1.0,0.75,-0.0,-0.0,1.0,0.5,0.0,0.0,0.0,0.0,0.0,0.0,0.0,0.0,1.0,1.0,0.0,0.0,0.0,0.0,3.0,2.25
02GY9GJRPQ89,2765,1,giant,giant,0,9.8,8.0,0.0,0.0,-0.0,-0.0,1.0,0.5,0.0,0.0,0.0,0.0,0.0,0.0,0.0,0.0,0.0,0.0,0.0,0.0,0.0,0.0,1.0,0.5
02GY9GJRPQ89,2838,1,giant,giant,0,11.1,10.4,0.0,0.0,-0.0,-0.0,1.0,0.5,0.0,0.0,0.0,0.0,0.0,0.0,0.0,0.0,0.0,0.0,0.0,0.0,0.0,0.0,1.0,0.5
02GY9GJRPQ89,2958,1,giant,giant,0,13.3,14.3,0.2503,0.0,-0.0,-0.0,1.0,0.5,0.0,0.0,0.0,0.0,0.0,0.0,0.0,0.0,0.0,0.0,0.0,0.0,0.0,0.0,1.2503,0.5
02GY9GJRPQ89,2986,1,giant,giant,0,13.6,15.7,0.8155,0.0,-0.0,-0.0,1.0,0.5,0.0,0.0,0.0,0.0,0.0,0.0,0.0,0.0,0.5013,0.5013,0.0,0.0,0.0,0.0,2.3168,1.0013
02GY9GJURY8G,967,1,pekka,pekka,1,15.0,17.9,0.0,0.0,-0.0,-0.0,1.0,0.5,0.0,0.0,0.0,0.0,0.0,0.0,0.0,0.0,1.0,1.0,0.0,0.0,0.0,0.0,2.0,1.5
02GY9GJURY8G,1005,1,pekka,pekka,1,14.2,18.7,0.8921,0.0,-0.0,-0.0,1.0,0.5,0.0,0.0,0.0,0.0,0.0,0.0,0.0,0.0,1.0,1.0,0.0,0.0,0.0,0.0,2.8921,1.5
02GY9GJURY8G,1084,1,pekka,pekka,1,13.7,18.6,1.0,0.0,-0.0,-0.0,1.0,0.5,0.0,0.0,0.0,0.0,0.0,0.0,0.0,0.0,1.0,1.0,0.0,0.0,0.0,0.0,3.0,1.5
02GY9GJURY8G,2203,1,pekka,pekka,0,11.7,2.2,0.0,0.0,-0.0,-0.0,1.0,0.5,0.0,0.0,0.0,0.0,0.0,0.0,0.0,0.0,0.0,0.0,0.0,0.0,0.0,0.0,1.0,0.5
02GY9GJURY8G,2292,1,pekka,pekka,0,12.0,5.4,0.0,0.0,-0.0,-0.0,1.0,0.5,0.0,0.0,0.0,0.0,0.0,0.0,0.0,0.0,0.0,0.0,0.0,0.0,0.0,0.0,1.0,0.5
02GY9GJURY8G,2506,1,pekka,pekka,0,13.4,13.3,0.0,0.0,-0.0,-0.0,1.0,0.5,0.0,0.0,0.0,0.0,0.0,0.0,0.0,0.0,0.0,0.0,0.0,0.0,0.0,0.0,1.0,0.5
02GY9GJURY8G,2621,1,pekka,pekka,1,13.9,17.5,0.7651,0.0,-0.0,-0.0,1.0,0.5,0.0,0.0,0.0,0.0,0.0,0.0,0.0,0.0,1.0,1.0,0.0,0.0,0.0,0.0,2.7651,1.5
02GY9GJVQGCQ,711,1,hog_rider,hog_rider,1,15.8,17.9,0.0,0.0,-0.0,-0.0,1.0,0.5,0.0,0.0,0.0,0.0,0.0,0.0,0.0,0.0,1.0,1.0,0.0,0.0,0.0,0.0,2.0,1.5
02GY9GJVQGCQ,748,1,hog_rider,hog_rider,1,15.2,21.2,0.0,0.0,-0.0,-0.0,1.0,0.5,0.0,0.0,0.0,0.0,0.0,0.0,0.0,0.0,1.0,1.0,0.0,0.0,0.0,0.0,2.0,1.5
02GY9GJVQGCQ,845,1,hog_rider,hog_rider,1,14.9,23.3,0.0,0.0,-0.0,-0.0,1.0,0.5,0.0,0.0,0.0,0.0,0.0,0.0,0.0,0.0,1.0,1.0,0.0,0.0,0.0,0.0,2.0,1.5
02GY9GJVQGCQ,1718,1,hog_rider,hog_rider,1,15.4,20.8,0.0,0.0,-0.0,-0.0,1.0,0.5,0.0,0.0,0.0,0.0,0.0,0.0,0.0,0.0,1.0,1.0,0.0,0.0,0.0,0.0,2.0,1.5
02GY9GJVQGCQ,1771,1,hog_rider,hog_rider,1,14.9,23.4,0.0,0.0,-0.0,-0.0,1.0,0.5,0.0,0.0,0.0,0.0,0.0,0.0,0.0,0.0,1.0,1.0,0.0,0.0,0.0,0.0,2.0,1.5
02GY9GJVQGCQ,2382,1,hog_rider,hog_rider,1,16.1,16.3,0.75,0.0,-0.0,-0.0,0.5,0.5,0.0,0.0,0.0,0.0,0.0,0.0,0.0,0.0,1.0,1.0,0.0,0.0,0.0,0.0,2.25,1.5
02GY9GJVQGCQ,2462,1,hog_rider,hog_rider,1,14.9,18.9,0.75,0.0,-0.0,-0.0,0.5,0.5,0.0,0.0,0.0,0.0,0.0,0.0,0.0,0.0,1.0,1.0,0.0,0.0,0.0,0.0,2.25,1.5
02JY9G020C2U,2111,1,giant,giant,0,14.5,11.7,0.0,0.0,-0.0,-0.0,1.0,0.5,0.0,0.0,0.0,0.0,0.0,0.0,0.0,0.0,0.0,0.0,0.0,0.0,0.0,0.0,1.0,0.5
02JY9G020C2U,2241,1,giant,giant,1,14.9,16.6,1.0,0.0,-0.0,-0.0,1.0,0.5,0.0,0.0,0.0,0.0,0.0,0.0,0.0,0.0,1.0,1.0,0.0,0.0,0.0,0.0,3.0,1.5
02JY9G020C2U,2269,1,giant,giant,1,15.1,17.3,1.0,0.0,-0.0,-0.0,1.0,0.5,0.0,0.0,0.0,0.0,0.0,0.0,0.0,0.0,1.0,1.0,0.0,0.0,0.0,0.0,3.0,1.5
02JY9G02LR0U,1233,1,giant,giant,0,13.8,15.9,0.9052,0.0,-0.0,-0.0,1.0,0.5,0.0,0.0,0.0,0.0,0.0,0.0,0.0,0.0,0.6608,0.6608,0.0,0.0,0.0,0.0,2.5659,1.1608
02JY9G02LR0U,1271,1,giant,giant,1,12.4,16.4,1.0,0.0,-0.0,-0.0,1.0,0.5,0.0,0.0,0.0,0.0,0.0,0.0,0.0,0.0,1.0,1.0,0.0,0.0,0.0,0.0,3.0,1.5
02JY9G02LR0U,1678,1,giant,giant,1,13.4,23.1,0.0,0.0,-0.0,-0.0,1.0,0.5,0.0,0.0,0.0,0.0,0.0,0.0,0.0,0.0,1.0,1.0,0.0,0.0,0.0,0.0,2.0,1.5
02JY9G02LR0U,1711,1,giant,giant,1,13.6,22.6,0.75,0.0,-0.0,-0.0,0.5,0.5,0.0,0.0,0.0,0.0,0.0,0.0,0.0,0.0,1.0,1.0,0.0,0.0,0.0,0.0,2.25,1.5
02JY9G02LR0U,1843,1,giant,giant,1,14.3,21.5,0.75,0.0,-0.0,-0.0,0.5,0.5,0.0,0.0,0.0,0.0,0.0,0.0,0.0,0.0,1.0,1.0,0.0,0.0,0.0,0.0,2.25,1.5
02JY9G02LR0U,2624,1,giant,giant,0,6.7,12.4,0.0,0.7461,-0.0,-0.0,0.5,0.5,0.0,0.0,0.0,0.0,0.0,0.0,0.0,0.0,0.0,0.0,0.0,0.0,0.0,0.0,0.5,1.2461
02JY9G02LR0U,2661,1,giant,giant,0,5.7,13.4,0.0,0.75,-0.0,-0.0,0.5,0.5,0.0,0.0,0.0,0.0,0.0,0.0,0.0,0.0,0.0,0.0,0.0,0.0,0.0,0.0,0.5,1.25
02JY9G02LR0U,2707,1,giant,giant,0,4.5,14.7,0.3391,0.75,-0.0,-0.0,0.5,0.5,0.0,0.0,0.0,0.0,0.0,0.0,0.0,0.0,0.0,0.0,0.0,0.0,0.0,0.0,0.8391,1.25
02JY9G02LR0U,3343,1,giant,giant,0,2.8,15.0,0.4939,0.75,-0.0,-0.0,0.5,0.5,0.0,0.0,0.0,0.0,0.0,0.0,0.0,0.0,0.2222,0.2222,0.0,0.0,0.0,0.0,1.2161,1.4722
02JY9G02LR0U,3421,1,giant,giant,1,3.0,17.2,0.75,0.4989,-0.0,-0.3044,0.5,0.5,0.0,0.0,0.0,0.0,0.0,0.0,0.0,0.0,1.0,1.0,0.0,0.0,0.0,0.0,2.25,1.6945
02JY9G02LR0U,3453,1,giant,giant,1,3.2,17.3,0.75,0.4987,-0.0,-0.3046,0.5,0.5,0.0,0.0,0.0,0.0,0.0,0.0,0.0,0.0,1.0,1.0,0.0,0.0,0.0,0.0,2.25,1.6941
02JY9G02LR0U,3573,1,giant,giant,1,3.3,20.5,0.0,0.7437,-0.0,-0.0077,0.5,0.5,0.0,0.0,0.0,0.0,0.0,0.0,0.0,0.0,1.0,1.0,0.0,0.0,0.0,0.0,1.5,2.236
02JY9G08C0JV,365,1,hog_rider,hog_rider,1,15.5,20.2,0.0,0.0,-0.0,-0.0,1.0,0.5,0.0,0.0,0.0,0.0,0.0,0.0,0.0,0.0,1.0,1.0,0.0,0.0,0.0,0.0,2.0,1.5
02JY9G08C0JV,454,1,hog_rider,hog_rider,1,14.9,23.4,0.0,0.0,-0.0,-0.0,1.0,0.5,0.0,0.0,0.0,0.0,0.0,0.0,0.0,0.0,1.0,1.0,0.0,0.0,0.0,0.0,2.0,1.5
02JY9G08C0JV,1184,1,pekka,pekka,0,11.8,3.1,0.0,0.0,-0.0,-0.0,1.0,0.5,0.0,0.0,0.0,0.0,0.0,0.0,0.0,0.0,0.0,0.0,0.0,0.0,0.0,0.0,1.0,0.5
02JY9G08C0JV,1447,1,hog_rider,hog_rider,1,2.4,19.6,0.0,0.4323,-0.0,-0.4706,1.0,0.5,0.0,0.0,0.0,0.0,0.0,0.0,0.0,0.0,1.0,1.0,0.0,0.0,0.0,0.0,2.0,1.4618
02JY9G08C0JV,1657,1,pekka,pekka,1,14.0,18.6,0.9938,0.0,-0.0,-0.0,1.0,0.5,0.0,0.0,0.0,0.0,0.0,0.0,0.0,0.0,1.0,1.0,0.0,0.0,0.0,0.0,2.9938,1.5
02JY9G08C0JV,1772,1,pekka,pekka,1,14.6,19.6,0.0,0.0,-0.0,-0.0,1.0,0.5,0.0,0.0,0.0,0.0,0.0,0.0,0.0,0.0,1.0,1.0,0.0,0.0,0.0,0.0,2.0,1.5
02JY9G08C0JV,2419,1,pekka,pekka,0,9.8,10.8,0.0,0.0,-0.0,-0.0,1.0,0.5,0.0,0.0,0.0,0.0,0.0,0.0,0.0,0.0,0.0,0.0,0.0,0.0,0.0,0.0,1.0,0.5
02JY9G08C0JV,2506,1,pekka,pekka,0,12.0,13.2,0.0,0.0,-0.0,-0.0,1.0,0.5,0.0,0.0,0.0,0.0,0.0,0.0,0.0,0.0,0.0,0.0,0.0,0.0,0.0,0.0,1.0,0.5
02JY9G08C0JV,2708,1,hog_rider,hog_rider,1,13.9,18.7,1.0,0.0,-0.0,-0.0,1.0,0.5,0.0,0.0,0.0,0.0,0.0,0.0,0.0,0.0,1.0,1.0,0.0,0.0,0.0,0.0,3.0,1.5
02JY9G08C0JV,2735,1,hog_rider,hog_rider,1,14.1,21.1,0.0,0.0,-0.0,-0.0,1.0,0.5,0.0,0.0,0.0,0.0,0.0,0.0,0.0,0.0,1.0,1.0,0.0,0.0,0.0,0.0,2.0,1.5
02JY9G08C0JV,3218,1,pekka,pekka,0,12.8,9.5,0.0,0.0,-0.0,-0.0,0.5,0.5,0.0,0.0,0.0,0.0,0.0,0.0,0.0,0.0,0.0,0.0,0.0,0.0,0.0,0.0,0.5,0.5
02JY9G08C0JV,3306,1,pekka,pekka,0,13.3,12.8,0.0,0.0,-0.0,-0.0,0.5,0.5,0.0,0.0,0.0,0.0,0.0,0.0,0.0,0.0,0.0,0.0,0.0,0.0,0.0,0.0,0.5,0.5
02JY9G08C0JV,3338,1,pekka,pekka,0,13.5,13.7,0.0,0.0,-0.0,-0.0,0.5,0.5,0.0,0.0,0.0,0.0,0.0,0.0,0.0,0.0,0.0,0.0,0.0,0.0,0.0,0.0,0.5,0.5
02JY9G08C0JV,3464,1,hog_rider,hog_rider,1,7.8,19.0,0.75,0.75,-0.0,-0.0,0.5,0.5,0.0,0.0,0.0,0.0,0.0,0.0,0.0,0.0,1.0,1.0,0.0,0.0,0.0,0.0,2.25,2.25
02JY9G08C0JV,3489,1,hog_rider,hog_rider,1,6.8,20.5,0.7473,0.0,-0.0039,-0.0,0.5,0.5,0.0,0.0,0.0,0.0,0.0,0.0,0.0,0.0,1.0,1.0,0.0,0.0,0.0,0.0,2.2434,1.5
02JY9G08C0JV,3516,1,hog_rider,hog_rider,1,5.7,22.2,0.0,0.0,-0.0,-0.0,0.5,0.5,0.0,0.0,0.0,0.0,0.0,0.0,0.0,0.0,1.0,1.0,0.0,0.0,0.0,0.0,1.5,1.5
02JY9G8LJPJV,2308,1,pekka,pekka,0,15.1,2.9,0.0,0.0,-0.0,-0.0,1.0,0.5,0.0,0.0,0.0,0.0,0.0,0.0,0.0,0.0,0.0,0.0,0.0,0.0,0.0,0.0,1.0,0.5
02JY9G8LJPJV,2731,1,pekka,pekka,1,15.2,16.7,0.0,0.0,-0.0,-0.0,1.0,0.5,0.0,0.0,0.0,0.0,0.0,0.0,0.0,0.0,1.0,1.0,0.0,0.0,0.0,0.0,2.0,1.5
02JY9G8LJPJV,2817,1,pekka,pekka,1,14.9,20.1,0.0,0.0,-0.0,-0.0,1.0,0.5,0.0,0.0,0.0,0.0,0.0,0.0,0.0,0.0,1.0,1.0,0.0,0.0,0.0,0.0,2.0,1.5
02JY9G8LJPJV,2888,1,pekka,pekka,1,13.9,19.4,0.0,0.0,-0.0,-0.0,1.0,0.5,0.0,0.0,0.0,0.0,0.0,0.0,0.0,0.0,1.0,1.0,0.0,0.0,0.0,0.0,2.0,1.5
02JY9G8LJPJV,2953,1,pekka,pekka,1,13.4,21.1,0.0,0.0,-0.0,-0.0,1.0,0.5,0.0,0.0,0.0,0.0,0.0,0.0,0.0,0.0,1.0,1.0,0.0,0.0,0.0,0.0,2.0,1.5
02JY9G99LY0L,2752,1,pekka,pekka,0,14.5,13.3,0.0,0.0,-0.0,-0.0,0.5,0.0,0.0,0.0,0.0,0.0,0.0,0.0,0.0,0.0,0.0,0.0,0.0,0.0,0.0,0.0,0.5,0.0
02JY9G99LY0L,2817,1,pekka,pekka,0,14.5,15.8,0.0,0.0,-0.0,-0.0,0.5,0.0,0.0,0.0,0.0,0.0,0.0,0.0,0.0,0.0,1.0,1.0,0.0,0.0,0.0,0.0,1.5,1.0
02JY9G99LY0L,2841,1,pekka,pekka,0,14.5,15.8,0.0,0.0,-0.0,-0.0,0.5,0.0,0.0,0.0,0.0,0.0,0.0,0.0,0.0,0.0,1.0,1.0,0.0,0.0,0.0,0.0,1.5,1.0
02JY9G99LY0L,2857,1,pekka,pekka,0,14.5,15.8,0.0,0.0,-0.0,-0.0,0.5,0.0,0.0,0.0,0.0,0.0,0.0,0.0,0.0,0.0,1.0,1.0,0.0,0.0,0.0,0.0,1.5,1.0
02JY9G99LY0L,3226,1,pekka,pekka,0,14.5,11.1,0.0,0.0,-0.0,-0.0,0.5,0.0,0.0,0.0,0.0,0.0,0.0,0.0,0.0,0.0,0.0,0.0,0.0,0.0,0.0,0.0,0.5,0.0
02JY9GL00Q0C,811,1,hog_rider,hog_rider,1,10.9,16.9,1.0,0.0,-0.0,-0.0,1.0,0.5,0.0,0.0,0.0,0.0,0.0,0.0,0.0,0.0,1.0,1.0,0.0,0.0,0.0,0.0,3.0,1.5
02JY9GL00Q0C,841,1,hog_rider,hog_rider,1,10.9,19.0,1.0,0.0,-0.0,-0.0,1.0,0.5,0.0,0.0,0.0,0.0,0.0,0.0,0.0,0.0,1.0,1.0,0.0,0.0,0.0,0.0,3.0,1.5
02JY9GL00Q0C,893,1,hog_rider,hog_rider,1,9.3,26.2,0.0,0.0,-0.0,-0.0,1.0,0.5,0.0,0.0,0.0,0.0,0.0,0.0,0.0,0.0,1.0,1.0,0.0,0.0,0.0,0.0,2.0,1.5
02JY9GL00Q0C,2001,1,hog_rider,hog_rider,1,3.6,23.2,0.0,0.0,-0.0,-0.0,1.0,0.5,0.0,0.0,0.0,0.0,0.0,0.0,0.0,0.0,1.0,1.0,0.0,0.0,0.0,0.0,2.0,1.5
02JY9GL00Q0C,4077,1,hog_rider,hog_rider,1,4.7,23.1,0.0,0.0,-0.0,-0.0,1.0,0.5,0.0,0.0,0.0,0.0,0.0,0.0,0.0,0.0,1.0,1.0,0.0,0.0,0.0,0.0,2.0,1.5
02JY9GL09YJJ,2712,1,pekka,pekka,0,4.2,15.6,0.0,0.75,-0.0,-0.0,1.0,0.5,0.0,0.0,0.0,0.0,0.0,0.0,0.0,0.0,0.6175,0.6175,0.0,0.0,0.0,0.0,1.6175,1.8675
02JY9GL09YJJ,2778,1,pekka,pekka,1,6.5,17.9,1.0,0.75,-0.0,-0.0,1.0,0.5,0.0,0.0,0.0,0.0,0.0,0.0,0.0,0.0,1.0,1.0,0.0,0.0,0.0,0.0,3.0,2.25
02JY9GL09YJJ,3916,1,pekka,pekka,0,4.2,15.1,0.0,0.75,-0.0,-0.0,1.0,0.5,0.0,0.0,0.0,0.0,0.0,0.0,0.0,0.0,0.3257,0.3257,0.0,0.0,0.0,0.0,1.3257,1.5757
02JY9GL09YJJ,3986,1,pekka,pekka,1,4.1,17.6,0.7765,0.75,-0.0,-0.0,1.0,0.5,0.0,0.0,0.0,0.0,0.0,0.0,0.0,0.0,1.0,1.0,0.0,0.0,0.0,0.0,2.7765,2.25
02JY9GL09YJJ,4026,1,pekka,pekka,1,4.8,17.7,1.0,0.75,-0.0,-0.0,1.0,0.5,0.0,0.0,0.0,0.0,0.0,0.0,0.0,0.0,1.0,1.0,0.0,0.0,0.0,0.0,3.0,2.25
02JY9GL09YJJ,4097,1,pekka,pekka,1,5.3,18.0,1.0,0.75,-0.0,-0.0,1.0,0.5,0.0,0.0,0.0,0.0,0.0,0.0,0.0,0.0,1.0,1.0,0.0,0.0,0.0,0.0,3.0,2.25
02JY9GL09YJJ,4144,1,pekka,pekka,1,5.3,19.6,1.0,0.75,-0.0,-0.0,1.0,0.5,0.0,0.0,0.0,0.0,0.0,0.0,0.0,0.0,1.0,1.0,0.0,0.0,0.0,0.0,3.0,2.25
02JY9GL22CYR,256,1,hog_rider,hog_rider,1,16.1,16.7,0.0,0.0,-0.0,-0.0,1.0,0.5,0.0,0.0,0.0,0.0,0.0,0.0,0.0,0.0,1.0,1.0,0.0,0.0,0.0,0.0,2.0,1.5
02JY9GL22CYR,1458,1,hog_rider,hog_rider,1,14.9,23.4,0.0,0.0,-0.0,-0.0,1.0,0.5,0.0,0.0,0.0,0.0,0.0,0.0,0.0,0.0,1.0,1.0,0.0,0.0,0.0,0.0,2.0,1.5
02JY9GL22CYR,1524,1,hog_rider,hog_rider,1,14.9,23.4,0.0,0.0,-0.0,-0.0,1.0,0.5,0.0,0.0,0.0,0.0,0.0,0.0,0.0,0.0,1.0,1.0,0.0,0.0,0.0,0.0,2.0,1.5
02JY9GL22CYR,2409,1,hog_rider,hog_rider,1,2.6,20.4,0.0,0.7069,-0.0,-0.0639,0.5,0.5,0.0,0.0,0.0,0.0,0.0,0.0,0.0,0.0,1.0,1.0,0.0,0.0,0.0,0.0,1.5,2.143
02JY9GL22CYR,3517,1,hog_rider,hog_rider,1,10.8,23.9,0.75,0.0,-0.0,-0.0,0.5,0.5,0.0,0.0,0.0,0.0,0.0,0.0,0.0,0.0,1.0,1.0,0.0,0.0,0.0,0.0,2.25,1.5
02JY9GQYLVLV,676,1,hog_rider,hog_rider,0,1.5,14.5,1.0,0.75,-0.0,-0.0,1.0,0.5,0.0,0.0,0.0,0.0,0.0,0.0,0.0,0.0,0.5,0.5,0.0,0.0,0.0,0.0,2.5,1.75
02JY9GQYLVLV,756,1,hog_rider,hog_rider,1,2.6,20.4,0.0,0.7069,-0.0,-0.0639,1.0,0.5,0.0,0.0,0.0,0.0,0.0,0.0,0.0,0.0,1.0,1.0,0.0,0.0,0.0,0.0,2.0,2.143
02JY9GQYLVLV,781,1,hog_rider,hog_rider,1,3.0,23.0,0.0,0.0,-0.0,-0.0,1.0,0.5,0.0,0.0,0.0,0.0,0.0,0.0,0.0,0.0,1.0,1.0,0.0,0.0,0.0,0.0,2.0,1.5
02JY9GQYLVLV,829,1,hog_rider,hog_rider,1,3.1,23.4,0.0,0.0,-0.0,-0.0,1.0,0.5,0.0,0.0,0.0,0.0,0.0,0.0,0.0,0.0,1.0,1.0,0.0,0.0,0.0,0.0,2.0,1.5
02JY9GQYLVLV,1265,1,hog_rider,hog_rider,0,2.1,15.6,0.75,0.5,-0.0,-0.0,0.5,0.0,0.0,0.0,0.0,0.0,0.0,0.0,0.0,0.0,0.8292,0.8292,0.0,0.0,0.0,0.0,2.0792,1.3292
02JY9GQYLVLV,1851,1,hog_rider,hog_rider,1,16.2,18.2,0.0,0.0,-0.0,-0.0,0.5,0.0,0.0,0.0,0.0,0.0,0.0,0.0,0.0,0.0,1.0,1.0,0.0,0.0,0.0,0.0,1.5,1.0
02JY9GQYLVLV,1906,1,hog_rider,hog_rider,1,15.1,22.7,0.0,0.0,-0.0,-0.0,0.5,0.0,0.0,0.0,0.0,0.0,0.0,0.0,0.0,0.0,1.0,1.0,0.0,0.0,0.0,0.0,1.5,1.0
02JY9GQYLVLV,2492,1,hog_rider,hog_rider,0,16.4,15.3,0.75,0.0,-0.0,-0.0,0.5,0.0,0.0,0.0,0.0,0.0,0.0,0.0,0.0,0.0,0.6703,0.6703,0.0,0.0,0.0,0.0,1.9203,0.6703
02QY9Q90JPCL,681,1,giant,giant,0,3.5,15.2,0.871,0.75,-0.0,-0.0,1.0,0.5,0.0,0.0,0.0,0.0,0.0,0.0,0.0,0.0,0.6,0.6,0.0,0.0,0.0,0.0,2.471,1.85
02QY9Q90JPCL,777,1,giant,giant,1,5.2,18.1,1.0,0.75,-0.0,-0.0,1.0,0.5,0.0,0.0,0.0,0.0,0.0,0.0,0.0,0.0,1.0,1.0,0.0,0.0,0.0,0.0,3.0,2.25
02QY9Q90JPCL,2564,1,giant,giant,0,12.6,8.4,0.0,0.0,-0.0,-0.0,0.5,0.0,0.0,0.0,0.0,0.0,0.0,0.0,0.0,0.0,0.0,0.0,0.0,0.0,0.0,0.0,0.5,0.0
02QY9Q90JPCL,2664,1,giant,giant,0,13.1,12.3,0.0,0.0,-0.0,-0.0,0.5,0.0,0.0,0.0,0.0,0.0,0.0,0.0,0.0,0.0,0.0,0.0,0.0,0.0,0.0,0.0,0.5,0.0
02QY9Q90JPCL,2708,1,giant,giant,0,13.5,13.9,0.0809,0.0,-0.0,-0.0,0.5,0.0,0.0,0.0,0.0,0.0,0.0,0.0,0.0,0.0,0.0,0.0,0.0,0.0,0.0,0.0,0.5809,0.0
02QY9Q90JPCL,3032,1,giant,giant,1,4.0,16.8,0.75,0.5,-0.0,-0.0,0.5,0.0,0.0,0.0,0.0,0.0,0.0,0.0,0.0,0.0,1.0,1.0,0.0,0.0,0.0,0.0,2.25,1.5
02QY9Q90JPCL,3241,1,giant,giant,1,10.4,20.1,0.3714,0.0,-0.4589,-0.0,0.5,0.0,0.0,0.0,0.0,0.0,0.0,0.0,0.0,0.0,1.0,1.0,0.0,0.0,0.0,0.0,1.4126,1.0
02QY9Q92QPGC,1522,1,pekka,pekka,1,5.2,19.7,1.0,0.75,-0.0,-0.0,1.0,0.5,0.0,0.0,0.0,0.0,0.0,0.0,0.0,0.0,1.0,1.0,0.0,0.0,0.0,0.0,3.0,2.25
02QY9Q92QPGC,2241,1,pekka,pekka,1,14.7,16.7,0.1778,0.0,-0.0,-0.0,1.0,0.5,0.0,0.0,0.0,0.0,0.0,0.0,0.0,0.0,1.0,1.0,0.0,0.0,0.0,0.0,2.1778,1.5
02QY9Q92QPGC,2351,1,pekka,pekka,1,14.8,19.2,0.0,0.0,-0.0,-0.0,1.0,0.5,0.0,0.0,0.0,0.0,0.0,0.0,0.0,0.0,1.0,1.0,0.0,0.0,0.0,0.0,2.0,1.5
02QY9Q92QPGC,2371,1,pekka,pekka,1,14.7,19.8,0.0,0.0,-0.0,-0.0,1.0,0.5,0.0,0.0,0.0,0.0,0.0,0.0,0.0,0.0,1.0,1.0,0.0,0.0,0.0,0.0,2.0,1.5
02QY9Q92QPGC,3851,1,pekka,pekka,1,15.3,17.7,0.0,0.0,-0.0,-0.0,1.0,0.5,0.0,0.0,0.0,0.0,0.0,0.0,0.0,0.0,1.0,1.0,0.0,0.0,0.0,0.0,2.0,1.5
02QY9Q98C0J8,838,1,pekka,pekka,1,14.7,17.8,0.4617,0.0,-0.0,-0.0,1.0,0.5,0.0,0.0,0.0,0.0,0.0,0.0,0.0,0.0,1.0,1.0,0.0,0.0,0.0,0.0,2.4617,1.5
02QY9Q98C0J8,872,1,pekka,pekka,1,13.7,18.6,1.0,0.0,-0.0,-0.0,1.0,0.5,0.0,0.0,0.0,0.0,0.0,0.0,0.0,0.0,1.0,1.0,0.0,0.0,0.0,0.0,3.0,1.5
02QY9Q98C0J8,943,1,pekka,pekka,1,11.5,19.6,1.0,0.0,-0.0,-0.0,1.0,0.5,0.0,0.0,0.0,0.0,0.0,0.0,0.0,0.0,1.0,1.0,0.0,0.0,0.0,0.0,3.0,1.5
02QY9Q98C0J8,963,1,pekka,pekka,1,10.8,19.8,0.7343,0.0,-0.2415,-0.0,1.0,0.5,0.0,0.0,0.0,0.0,0.0,0.0,0.0,0.0,1.0,1.0,0.0,0.0,0.0,0.0,2.4928,1.5
02QY9Q9YY089,971,1,giant,giant,0,4.3,15.1,0.5343,0.5,-0.0,-0.0,0.5,0.0,0.0,0.0,0.0,0.0,0.0,0.0,0.0,0.0,0.318,0.318,0.0,0.0,0.0,0.0,1.3523,0.818
02QY9Q9YY089,1518,1,giant,giant,0,4.3,15.8,0.6697,0.5,-0.0,-0.0,0.5,0.0,0.0,0.0,0.0,0.0,0.0,0.0,0.0,0.0,0.6391,0.6391,0.0,0.0,0.0,0.0,1.8089,1.1391
02QY9Q9YY089,2044,1,giant,giant,1,7.3,21.9,0.4509,0.0,-0.3626,-0.0,0.5,0.0,0.0,0.0,0.0,0.0,0.0,0.0,0.0,0.0,1.0,1.0,0.0,0.0,0.0,0.0,1.5883,1.0
02QY9Q9YY089,2789,1,giant,giant,0,6.4,1.8,0.0,0.0,-0.0,-0.0,0.5,0.0,0.0,0.0,0.0,0.0,0.0,0.0,0.0,0.0,0.0,0.0,0.0,0.0,0.0,0.0,0.5,0.0
02QY9Q9YY089,3355,1,giant,giant,1,5.9,19.9,0.5,0.5,-0.0,-0.0,0.0,0.0,0.0,0.0,0.0,0.0,0.0,0.0,0.0,0.0,1.0,1.0,0.0,0.0,0.0,0.0,1.5,1.5
02QY9Q9YY089,3461,1,giant,giant,1,6.7,19.8,0.4581,0.5,-0.0763,-0.0,0.0,0.0,0.0,0.0,0.0,0.0,0.0,0.0,0.0,0.0,1.0,1.0,0.0,0.0,0.0,0.0,1.3818,1.5
02QY9Q9YY089,3544,1,giant,giant,1,7.1,22.0,0.3616,0.0,-0.2516,-0.0,0.0,0.0,0.0,0.0,0.0,0.0,0.0,0.0,0.0,0.0,1.0,1.0,0.0,0.0,0.0,0.0,1.11,1.0
088Y88LLCJRY,359,1,hog_rider,hog_rider,1,14.4,23.3,0.0,0.0,-0.0,-0.0,1.0,0.5,0.0,0.0,0.0,0.0,0.0,0.0,0.0,0.0,1.0,1.0,0.0,0.0,0.0,0.0,2.0,1.5
088Y88LLCJRY,1129,1,hog_rider,hog_rider,0,16.2,15.9,1.0,0.0,-0.0,-0.0,1.0,0.5,0.0,0.0,0.0,0.0,0.0,0.0,0.0,0.0,0.7487,0.7487,0.0,0.0,0.0,0.0,2.7487,1.2487
088Y88LLCJRY,2824,1,hog_rider,hog_rider,1,5.1,22.1,0.0,0.0,-0.0,-0.0,1.0,0.5,0.0,0.0,0.0,0.0,0.0,0.0,0.0,0.0,1.0,1.0,0.0,0.0,0.0,0.0,2.0,1.5
088Y88LLCJRY,3033,1,hog_rider,hog_rider,1,1.8,16.6,0.0,0.6186,-0.0,-0.1946,1.0,0.5,0.0,0.0,0.0,0.0,0.0,0.0,0.0,0.0,1.0,1.0,0.0,0.0,0.0,0.0,2.0,1.924
088Y88LLCJRY,3433,1,hog_rider,hog_rider,0,4.9,14.5,1.0,0.75,-0.0,-0.0,1.0,0.5,0.0,0.0,0.0,0.0,0.0,0.0,0.0,0.0,0.6689,0.6689,0.0,0.0,0.0,0.0,2.6689,1.9189
08CPVR8P2JPV,241,1,hog_rider,hog_rider,1,2.6,20.4,0.0,0.7069,-0.0,-0.0639,1.0,0.5,0.0,0.0,0.0,0.0,0.0,0.0,0.0,0.0,1.0,1.0,0.0,0.0,0.0,0.0,2.0,2.143
08CPVR8P2JPV,414,1,hog_rider,hog_rider,1,3.1,23.4,0.0,0.0,-0.0,-0.0,1.0,0.5,0.0,0.0,0.0,0.0,0.0,0.0,0.0,0.0,1.0,1.0,0.0,0.0,0.0,0.0,2.0,1.5
08CPVR8P2JPV,1086,1,hog_rider,hog_rider,1,2.4,19.8,0.0,0.4952,-0.0,-0.3774,1.0,0.5,0.0,0.0,0.0,0.0,0.0,0.0,0.0,0.0,1.0,1.0,0.0,0.0,0.0,0.0,2.0,1.6178
08CPVR8P2JPV,1941,1,hog_rider,hog_rider,1,4.9,19.2,0.75,0.5,-0.0,-0.0,0.5,0.0,0.0,0.0,0.0,0.0,0.0,0.0,0.0,0.0,1.0,1.0,0.0,0.0,0.0,0.0,2.25,1.5
08CPVR8P2JPV,2981,1,hog_rider,hog_rider,0,3.9,15.4,0.75,0.5,-0.0,-0.0,0.5,0.0,0.0,0.0,0.0,0.0,0.0,0.0,0.0,0.0,1.0,1.0,0.0,0.0,0.0,0.0,2.25,1.5
08CPVR8P2JPV,2991,1,hog_rider,hog_rider,0,4.8,15.9,0.75,0.5,-0.0,-0.0,0.5,0.0,0.0,0.0,0.0,0.0,0.0,0.0,0.0,0.0,0.9086,0.9086,0.0,0.0,0.0,0.0,2.1586,1.4086
08CPVR8P2JPV,3527,1,hog_rider,hog_rider,0,2.3,15.7,0.75,0.5,-0.0,-0.0,0.5,0.0,0.0,0.0,0.0,0.0,0.0,0.0,0.0,0.0,0.917,0.917,0.0,0.0,0.0,0.0,2.167,1.417
08CPVRQ9JCLR,1094,1,giant,giant,1,13.9,22.6,0.0,0.0,-0.0,-0.0,0.5,0.0,0.0,0.0,0.0,0.0,0.0,0.0,0.0,0.0,1.0,1.0,0.0,0.0,0.0,0.0,1.5,1.0
08CPVRRCV922,2281,1,pekka,pekka,0,2.8,15.8,0.0,0.75,-0.0,-0.0,1.0,0.5,0.0,0.0,0.0,0.0,0.0,0.0,0.0,0.0,0.6488,0.6488,0.0,0.0,0.0,0.0,1.6488,1.8988
08CPVRRCV922,2317,1,pekka,pekka,1,2.9,17.2,0.1419,0.4628,-0.0,-0.3481,1.0,0.5,0.0,0.0,0.0,0.0,0.0,0.0,0.0,0.0,1.0,1.0,0.0,0.0,0.0,0.0,2.1419,1.6148
08CPVRRCV922,2412,1,pekka,pekka,1,3.3,19.1,0.0,0.4541,-0.0,-0.3587,1.0,0.5,0.0,0.0,0.0,0.0,0.0,0.0,0.0,0.0,1.0,1.0,0.0,0.0,0.0,0.0,2.0,1.5953
08CPVRRCV922,2463,1,pekka,pekka,1,3.3,19.1,0.0,0.4541,-0.0,-0.3587,1.0,0.5,0.0,0.0,0.0,0.0,0.0,0.0,0.0,0.0,1.0,1.0,0.0,0.0,0.0,0.0,2.0,1.5953
08CPVRRJ9C2L,229,1,hog_rider,hog_rider,1,1.8,17.1,0.0,0.406,-0.0,-0.5097,1.0,0.5,0.0,0.0,0.0,0.0,0.0,0.0,0.0,0.0,1.0,1.0,0.0,0.0,0.0,0.0,2.0,1.3963
08CPVRRJ9C2L,417,1,hog_rider,hog_rider,1,3.1,23.3,0.0,0.0,-0.0,-0.0,1.0,0.5,0.0,0.0,0.0,0.0,0.0,0.0,0.0,0.0,1.0,1.0,0.0,0.0,0.0,0.0,2.0,1.5
08CPVRRJ9C2L,1311,1,hog_rider,hog_rider,1,16.1,16.7,0.0,0.0,-0.0,-0.0,0.5,0.0,0.0,0.0,0.0,0.0,0.0,0.0,0.0,0.0,1.0,1.0,0.0,0.0,0.0,0.0,1.5,1.0
08LY80VC29RV,214,1,hog_rider,hog_rider,1,16.1,16.7,0.0,0.0,-0.0,-0.0,1.0,0.5,0.0,0.0,0.0,0.0,0.0,0.0,0.0,0.0,1.0,1.0,0.0,0.0,0.0,0.0,2.0,1.5
08LY80VC29RV,253,1,hog_rider,hog_rider,1,15.4,19.9,0.0,0.0,-0.0,-0.0,1.0,0.5,0.0,0.0,0.0,0.0,0.0,0.0,0.0,0.0,1.0,1.0,0.0,0.0,0.0,0.0,2.0,1.5
08LY80VC29RV,1076,1,hog_rider,hog_rider,0,16.3,15.7,1.0,0.0,-0.0,-0.0,1.0,0.5,0.0,0.0,0.0,0.0,0.0,0.0,0.0,0.0,0.7288,0.7288,0.0,0.0,0.0,0.0,2.7288,1.2288
08LY80VC29RV,1098,1,hog_rider,hog_rider,1,15.9,17.8,0.0,0.0,-0.0,-0.0,1.0,0.5,0.0,0.0,0.0,0.0,0.0,0.0,0.0,0.0,1.0,1.0,0.0,0.0,0.0,0.0,2.0,1.5
08LY80VC29RV,1151,1,hog_rider,hog_rider,1,15.0,22.5,0.0,0.0,-0.0,-0.0,1.0,0.5,0.0,0.0,0.0,0.0,0.0,0.0,0.0,0.0,1.0,1.0,0.0,0.0,0.0,0.0,2.0,1.5
08LY80VC29RV,1181,1,hog_rider,hog_rider,1,14.3,19.7,0.0,0.0,-0.0,-0.0,1.0,0.5,0.0,0.0,0.0,0.0,0.0,0.0,0.0,0.0,1.0,1.0,0.0,0.0,0.0,0.0,2.0,1.5
08LY80VC29RV,1908,1,hog_rider,hog_rider,1,3.5,16.7,1.0,0.75,-0.0,-0.0,1.0,0.5,0.0,0.0,0.0,0.0,0.0,0.0,0.0,0.0,1.0,1.0,0.0,0.0,0.0,0.0,3.0,2.25
08LY80VC29RV,2655,1,hog_rider,hog_rider,0,1.5,14.5,1.0,0.75,-0.0,-0.0,1.0,0.5,0.0,0.0,0.0,0.0,0.0,0.0,0.0,0.0,0.5,0.5,0.0,0.0,0.0,0.0,2.5,1.75
08LY80VC29RV,2683,1,hog_rider,hog_rider,0,1.7,15.6,1.0,0.75,-0.0,-0.0,1.0,0.5,0.0,0.0,0.0,0.0,0.0,0.0,0.0,0.0,0.725,0.725,0.0,0.0,0.0,0.0,2.725,1.975
08LY80VC29RV,3378,1,hog_rider,hog_rider,1,7.9,16.2,1.0,0.75,-0.0,-0.0,1.0,0.5,0.0,0.0,0.0,0.0,0.0,0.0,0.0,0.0,1.0,1.0,0.0,0.0,0.0,0.0,3.0,2.25
08LY80VC29RV,3408,1,hog_rider,hog_rider,1,6.0,17.5,1.0,0.75,-0.0,-0.0,1.0,0.5,0.0,0.0,0.0,0.0,0.0,0.0,0.0,0.0,1.0,1.0,0.0,0.0,0.0,0.0,3.0,2.25
08LY80VC29RV,3687,1,hog_rider,hog_rider,1,16.2,16.3,0.0,0.0,-0.0,-0.0,1.0,0.5,0.0,0.0,0.0,0.0,0.0,0.0,0.0,0.0,1.0,1.0,0.0,0.0,0.0,0.0,2.0,1.5
08LY80VC29RV,3736,1,hog_rider,hog_rider,1,12.6,16.8,1.0,0.0,-0.0,-0.0,1.0,0.5,0.0,0.0,0.0,0.0,0.0,0.0,0.0,0.0,1.0,1.0,0.0,0.0,0.0,0.0,3.0,1.5
08LY80VC29RV,3799,1,hog_rider,hog_rider,1,10.3,17.2,1.0,0.0,-0.0,-0.0,1.0,0.5,0.0,0.0,0.0,0.0,0.0,0.0,0.0,0.0,1.0,1.0,0.0,0.0,0.0,0.0,3.0,1.5
08LY80VC29RV,4337,1,hog_rider,hog_rider,1,16.1,16.5,0.0,0.0,-0.0,-0.0,1.0,0.5,0.0,0.0,0.0,0.0,0.0,0.0,0.0,0.0,1.0,1.0,0.0,0.0,0.0,0.0,2.0,1.5
08PY88PRLJCQ,356,1,hog_rider,hog_rider,1,1.9,16.7,0.0,0.5915,-0.0,-0.2349,1.0,0.5,0.0,0.0,0.0,0.0,0.0,0.0,0.0,0.0,1.0,1.0,0.0,0.0,0.0,0.0,2.0,1.8566
08PY88PRLJCQ,395,1,hog_rider,hog_rider,1,4.0,18.5,1.0,0.75,-0.0,-0.0,1.0,0.5,0.0,0.0,0.0,0.0,0.0,0.0,0.0,0.0,1.0,1.0,0.0,0.0,0.0,0.0,3.0,2.25
08PY88PRLJCQ,1656,1,hog_rider,hog_rider,1,2.6,20.4,0.0,0.7069,-0.0,-0.0639,1.0,0.5,0.0,0.0,0.0,0.0,0.0,0.0,0.0,0.0,1.0,1.0,0.0,0.0,0.0,0.0,2.0,2.143
08PY88PRLJCQ,1712,1,hog_rider,hog_rider,1,3.1,23.4,0.0,0.0,-0.0,-0.0,1.0,0.5,0.0,0.0,0.0,0.0,0.0,0.0,0.0,0.0,1.0,1.0,0.0,0.0,0.0,0.0,2.0,1.5
08PY88PRLJCQ,2601,1,hog_rider,hog_rider,0,2.1,15.7,0.75,0.5,-0.0,-0.0,0.5,0.0,0.0,0.0,0.0,0.0,0.0,0.0,0.0,0.0,0.8731,0.8731,0.0,0.0,0.0,0.0,2.1231,1.3731
08PY88PRLJCQ,2721,1,hog_rider,hog_rider,1,7.1,19.5,0.75,0.5,-0.0,-0.0,0.5,0.0,0.0,0.0,0.0,0.0,0.0,0.0,0.0,0.0,1.0,1.0,0.0,0.0,0.0,0.0,2.25,1.5
08PY88PRLJCQ,2747,1,hog_rider,hog_rider,1,7.2,20.0,0.6434,0.5,-0.1579,-0.0,0.5,0.0,0.0,0.0,0.0,0.0,0.0,0.0,0.0,0.0,1.0,1.0,0.0,0.0,0.0,0.0,1.9854,1.5
08PY88PRLJCQ,3331,1,hog_rider,hog_rider,1,14.8,23.4,0.0,0.0,-0.0,-0.0,0.5,0.0,0.0,0.0,0.0,0.0,0.0,0.0,0.0,0.0,1.0,1.0,0.0,0.0,0.0,0.0,1.5,1.0
08PY88PUY9YP,258,1,giant,giant,0,11.6,2.1,0.0,0.0,-0.0,-0.0,1.0,0.5,0.0,0.0,0.0,0.0,0.0,0.0,0.0,0.0,0.0,0.0,0.0,0.0,0.0,0.0,1.0,0.5
08PY88PUY9YP,572,1,giant,giant,0,13.5,13.6,0.0023,0.0,-0.0,-0.0,1.0,0.5,0.0,0.0,0.0,0.0,0.0,0.0,0.0,0.0,0.0,0.0,0.0,0.0,0.0,0.0,1.0023,0.5
08PY88PUY9YP,601,1,giant,giant,0,13.7,14.7,0.541,0.0,-0.0,-0.0,1.0,0.5,0.0,0.0,0.0,0.0,0.0,0.0,0.0,0.0,0.0133,0.0133,0.0,0.0,0.0,0.0,1.5543,0.5133
08PY88PUY9YP,631,1,giant,giant,0,13.8,15.8,0.8984,0.0,-0.0,-0.0,1.0,0.5,0.0,0.0,0.0,0.0,0.0,0.0,0.0,0.0,0.6488,0.6488,0.0,0.0,0.0,0.0,2.5472,1.1488
08PY88PUY9YP,784,1,giant,giant,1,14.0,21.5,0.0,0.0,-0.0,-0.0,1.0,0.5,0.0,0.0,0.0,0.0,0.0,0.0,0.0,0.0,1.0,1.0,0.0,0.0,0.0,0.0,2.0,1.5
08PY88PUY9YP,1613,1,giant,giant,1,4.2,16.2,1.0,0.75,-0.0,-0.0,1.0,0.5,0.0,0.0,0.0,0.0,0.0,0.0,0.0,0.0,1.0,1.0,0.0,0.0,0.0,0.0,3.0,2.25
08PY88PUY9YP,1683,1,giant,giant,1,7.1,19.7,0.805,0.75,-0.1772,-0.0,1.0,0.5,0.0,0.0,0.0,0.0,0.0,0.0,0.0,0.0,1.0,1.0,0.0,0.0,0.0,0.0,2.6278,2.25
08PY88PUY9YP,2843,1,giant,giant,1,4.7,21.1,0.0,0.0,-0.0,-0.0,1.0,0.5,0.0,0.0,0.0,0.0,0.0,0.0,0.0,0.0,1.0,1.0,0.0,0.0,0.0,0.0,2.0,1.5
08PY88PUY9YP,2872,1,giant,giant,1,4.6,22.4,0.0,0.0,-0.0,-0.0,1.0,0.5,0.0,0.0,0.0,0.0,0.0,0.0,0.0,0.0,1.0,1.0,0.0,0.0,0.0,0.0,2.0,1.5
08QPVCPCG8L9,1685,1,pekka,pekka,0,5.2,10.6,0.0,0.0,-0.0,-0.0,1.0,0.5,0.0,0.0,0.0,0.0,0.0,0.0,0.0,0.0,1.0,1.0,0.0,0.0,0.0,0.0,2.0,1.5
08QPVCPCG8L9,1751,1,pekka,pekka,0,5.0,11.9,0.0,0.0,-0.0,-0.0,1.0,0.5,0.0,0.0,0.0,0.0,0.0,0.0,0.0,0.0,1.0,1.0,0.0,0.0,0.0,0.0,2.0,1.5
08QPVCPCG8L9,1941,1,pekka,pekka,1,4.2,16.1,0.3446,0.75,-0.0,-0.0,1.0,0.5,0.0,0.0,0.0,0.0,0.0,0.0,0.0,0.0,1.0,1.0,0.0,0.0,0.0,0.0,2.3446,2.25
08QPVCPCG8L9,2291,1,pekka,pekka,1,6.4,26.1,0.0,0.0,-0.0,-0.0,0.5,0.0,0.0,0.0,0.0,0.0,0.0,0.0,0.0,0.0,1.0,1.0,0.0,0.0,0.0,0.0,1.5,1.0
08QPVCPCG8L9,2375,1,pekka,pekka,1,6.8,26.9,0.0,0.0,-0.0,-0.0,0.5,0.0,0.0,0.0,0.0,0.0,0.0,0.0,0.0,0.0,1.0,1.0,0.0,0.0,0.0,0.0,1.5,1.0
08YY8988C0QC,1209,1,pekka,pekka,0,4.9,11.5,0.0,0.0,-0.0,-0.0,1.0,0.5,0.0,0.0,0.0,0.0,0.0,0.0,0.0,0.0,0.0,0.0,0.0,0.0,0.0,0.0,1.0,0.5
08YY8988C0QC,1373,1,pekka,pekka,1,4.4,16.8,0.6382,0.75,-0.0,-0.0,1.0,0.5,0.0,0.0,0.0,0.0,0.0,0.0,0.0,0.0,1.0,1.0,0.0,0.0,0.0,0.0,2.6382,2.25
08YY8988C0QC,1422,1,pekka,pekka,1,4.4,16.8,0.6382,0.75,-0.0,-0.0,1.0,0.5,0.0,0.0,0.0,0.0,0.0,0.0,0.0,0.0,1.0,1.0,0.0,0.0,0.0,0.0,2.6382,2.25
08YY8988C0QC,1496,1,pekka,pekka,1,4.0,17.1,0.5783,0.75,-0.0,-0.0,1.0,0.5,0.0,0.0,0.0,0.0,0.0,0.0,0.0,0.0,1.0,1.0,0.0,0.0,0.0,0.0,2.5783,2.25
08YY8988C0QC,2444,1,pekka,pekka,0,1.2,11.5,0.0,0.0,-0.0,-0.0,0.5,0.5,0.0,0.0,0.0,0.0,0.0,0.0,0.0,0.0,0.0,0.0,0.0,0.0,0.0,0.0,0.5,0.5
08YY898LU88C,202,1,hog_rider,hog_rider,1,15.4,20.6,0.0,0.0,-0.0,-0.0,1.0,0.5,0.0,0.0,0.0,0.0,0.0,0.0,0.0,0.0,1.0,1.0,0.0,0.0,0.0,0.0,2.0,1.5
08YY898LU88C,414,1,hog_rider,hog_rider,1,14.9,23.4,0.0,0.0,-0.0,-0.0,1.0,0.5,0.0,0.0,0.0,0.0,0.0,0.0,0.0,0.0,1.0,1.0,0.0,0.0,0.0,0.0,2.0,1.5
08YY898LU88C,1043,1,hog_rider,hog_rider,1,15.1,22.2,0.0,0.0,-0.0,-0.0,1.0,0.5,0.0,0.0,0.0,0.0,0.0,0.0,0.0,0.0,1.0,1.0,0.0,0.0,0.0,0.0,2.0,1.5
08YY898LU88C,1054,1,hog_rider,hog_rider,1,14.9,23.2,0.0,0.0,-0.0,-0.0,1.0,0.5,0.0,0.0,0.0,0.0,0.0,0.0,0.0,0.0,1.0,1.0,0.0,0.0,0.0,0.0,2.0,1.5
08YY898LU88C,1617,1,hog_rider,hog_rider,1,15.7,17.2,0.75,0.0,-0.0,-0.0,0.5,0.5,0.0,0.0,0.0,0.0,0.0,0.0,0.0,0.0,1.0,1.0,0.0,0.0,0.0,0.0,2.25,1.5
08YY898LU88C,1694,1,hog_rider,hog_rider,1,10.4,18.7,0.75,0.0,-0.0,-0.0,0.5,0.5,0.0,0.0,0.0,0.0,0.0,0.0,0.0,0.0,1.0,1.0,0.0,0.0,0.0,0.0,2.25,1.5
08YY898LU88C,2395,1,hog_rider,hog_rider,0,2.5,14.5,0.75,0.75,-0.0,-0.0,0.5,0.5,0.0,0.0,0.0,0.0,0.0,0.0,0.0,0.0,0.7324,0.7324,0.0,0.0,0.0,0.0,1.9824,1.9824
08YY898LU88C,2451,1,hog_rider,hog_rider,0,3.5,16.0,0.75,0.75,-0.0,-0.0,0.5,0.5,0.0,0.0,0.0,0.0,0.0,0.0,0.0,0.0,1.0,1.0,0.0,0.0,0.0,0.0,2.25,2.25
08YY898LU88C,2605,1,hog_rider,hog_rider,1,3.5,23.4,0.0,0.0,-0.0,-0.0,0.5,0.5,0.0,0.0,0.0,0.0,0.0,0.0,0.0,0.0,1.0,1.0,0.0,0.0,0.0,0.0,1.5,1.5
08YY898LU88C,3102,1,hog_rider,hog_rider,1,4.2,18.3,0.5,0.5,-0.0,-0.0,0.0,0.0,0.0,0.0,0.0,0.0,0.0,0.0,0.0,0.0,1.0,1.0,0.0,0.0,0.0,0.0,1.5,1.5
08YY898LU88C,3262,1,hog_rider,hog_rider,1,4.1,16.8,0.5,0.5,-0.0,-0.0,0.0,0.0,0.0,0.0,0.0,0.0,0.0,0.0,0.0,0.0,1.0,1.0,0.0,0.0,0.0,0.0,1.5,1.5
08YY898LU88C,3274,1,hog_rider,hog_rider,1,5.0,17.5,0.5,0.5,-0.0,-0.0,0.0,0.0,0.0,0.0,0.0,0.0,0.0,0.0,0.0,0.0,1.0,1.0,0.0,0.0,0.0,0.0,1.5,1.5
08YY898PPLJ9,1001,1,hog_rider,hog_rider,1,2.1,23.7,0.0,0.0,-0.0,-0.0,1.0,0.5,0.0,0.0,0.0,0.0,0.0,0.0,0.0,0.0,1.0,1.0,0.0,0.0,0.0,0.0,2.0,1.5
08YY898PPLJ9,1936,1,hog_rider,hog_rider,1,7.6,19.0,1.0,0.75,-0.0,-0.0,1.0,0.5,0.0,0.0,0.0,0.0,0.0,0.0,0.0,0.0,1.0,1.0,0.0,0.0,0.0,0.0,3.0,2.25
08YY898PPLJ9,2597,1,hog_rider,hog_rider,1,6.7,21.5,0.75,0.5,-0.0,-0.0,0.5,0.0,0.0,0.0,0.0,0.0,0.0,0.0,0.0,0.0,1.0,1.0,0.0,0.0,0.0,0.0,2.25,1.5
08YY898PPLJ9,2698,1,hog_rider,hog_rider,1,8.2,26.5,0.0,0.0,-0.0,-0.0,0.5,0.0,0.0,0.0,0.0,0.0,0.0,0.0,0.0,0.0,1.0,1.0,0.0,0.0,0.0,0.0,1.5,1.0
08YY898PPLJ9,2735,1,hog_rider,hog_rider,1,8.2,26.5,0.0,0.0,-0.0,-0.0,0.5,0.0,0.0,0.0,0.0,0.0,0.0,0.0,0.0,0.0,1.0,1.0,0.0,0.0,0.0,0.0,1.5,1.0
08YY898PPLJ9,2906,1,hog_rider,hog_rider,1,13.3,20.5,0.0,0.0,-0.0,-0.0,0.5,0.0,0.0,0.0,0.0,0.0,0.0,0.0,0.0,0.0,1.0,1.0,0.0,0.0,0.0,0.0,1.5,1.0
08YY898PPLJ9,3066,1,hog_rider,hog_rider,1,2.1,17.7,0.75,0.1716,-0.0,-0.7298,0.5,0.0,0.0,0.0,0.0,0.0,0.0,0.0,0.0,0.0,1.0,1.0,0.0,0.0,0.0,0.0,2.25,0.4418
08YY898PPLJ9,3192,1,hog_rider,hog_rider,1,4.7,21.9,0.75,0.5,-0.0,-0.0,0.5,0.0,0.0,0.0,0.0,0.0,0.0,0.0,0.0,0.0,1.0,1.0,0.0,0.0,0.0,0.0,2.25,1.5
08YY898PPLJ9,3233,1,hog_rider,hog_rider,1,6.2,24.4,0.0,0.0,-0.0,-0.0,0.5,0.0,0.0,0.0,0.0,0.0,0.0,0.0,0.0,0.0,1.0,1.0,0.0,0.0,0.0,0.0,1.5,1.0
092PPVPV8PRJ,594,1,hog_rider,hog_rider,1,15.6,19.4,0.0,0.0,-0.0,-0.0,1.0,0.5,0.0,0.0,0.0,0.0,0.0,0.0,0.0,0.0,1.0,1.0,0.0,0.0,0.0,0.0,2.0,1.5
092PPVPV8PRJ,787,1,hog_rider,hog_rider,1,14.9,23.4,0.0,0.0,-0.0,-0.0,1.0,0.5,0.0,0.0,0.0,0.0,0.0,0.0,0.0,0.0,1.0,1.0,0.0,0.0,0.0,0.0,2.0,1.5
092PPVPV8PRJ,1026,1,hog_rider,hog_rider,1,10.4,16.5,1.0,0.0,-0.0,-0.0,1.0,0.5,0.0,0.0,0.0,0.0,0.0,0.0,0.0,0.0,1.0,1.0,0.0,0.0,0.0,0.0,3.0,1.5
092PPVPV8PRJ,1811,1,hog_rider,hog_rider,1,2.7,18.3,0.0,0.3614,-0.0,-0.5757,0.5,0.5,0.0,0.0,0.0,0.0,0.0,0.0,0.0,0.0,1.0,1.0,0.0,0.0,0.0,0.0,1.5,1.2857
092PPVPVRCYP,212,1,hog_rider,hog_rider,0,16.5,14.5,1.0,0.0,-0.0,-0.0,1.0,0.5,0.0,0.0,0.0,0.0,0.0,0.0,0.0,0.0,0.5,0.5,0.0,0.0,0.0,0.0,2.5,1.0
092PPVPVRCYP,257,1,hog_rider,hog_rider,1,15.9,17.6,0.0,0.0,-0.0,-0.0,1.0,0.5,0.0,0.0,0.0,0.0,0.0,0.0,0.0,0.0,1.0,1.0,0.0,0.0,0.0,0.0,2.0,1.5
092PPVPVRCYP,291,1,hog_rider,hog_rider,1,15.3,21.0,0.0,0.0,-0.0,-0.0,1.0,0.5,0.0,0.0,0.0,0.0,0.0,0.0,0.0,0.0,1.0,1.0,0.0,0.0,0.0,0.0,2.0,1.5
092PPVPVRCYP,1973,1,hog_rider,hog_rider,1,15.5,16.5,0.75,0.0,-0.0,-0.0,0.5,0.5,0.0,0.0,0.0,0.0,0.0,0.0,0.0,0.0,1.0,1.0,0.0,0.0,0.0,0.0,2.25,1.5
092PPVPVRCYP,2012,1,hog_rider,hog_rider,1,13.3,18.7,0.75,0.0,-0.0,-0.0,0.5,0.5,0.0,0.0,0.0,0.0,0.0,0.0,0.0,0.0,1.0,1.0,0.0,0.0,0.0,0.0,2.25,1.5
092PPVPVRCYP,2052,1,hog_rider,hog_rider,1,13.6,18.2,0.75,0.0,-0.0,-0.0,0.5,0.5,0.0,0.0,0.0,0.0,0.0,0.0,0.0,0.0,1.0,1.0,0.0,0.0,0.0,0.0,2.25,1.5
092PPVPVRCYP,2866,1,hog_rider,hog_rider,1,9.7,23.5,0.75,0.0,-0.0,-0.0,0.5,0.5,0.0,0.0,0.0,0.0,0.0,0.0,0.0,0.0,1.0,1.0,0.0,0.0,0.0,0.0,2.25,1.5
092PPVPVULCU,301,1,hog_rider,hog_rider,1,2.7,20.9,0.0,0.75,-0.0,-0.0,1.0,0.5,0.0,0.0,0.0,0.0,0.0,0.0,0.0,0.0,1.0,1.0,0.0,0.0,0.0,0.0,2.0,2.25
092PPVPVULCU,472,1,hog_rider,hog_rider,1,3.1,23.3,0.0,0.0,-0.0,-0.0,1.0,0.5,0.0,0.0,0.0,0.0,0.0,0.0,0.0,0.0,1.0,1.0,0.0,0.0,0.0,0.0,2.0,1.5
092PPVPVULCU,1216,1,hog_rider,hog_rider,1,1.9,16.7,0.0,0.5915,-0.0,-0.2349,1.0,0.5,0.0,0.0,0.0,0.0,0.0,0.0,0.0,0.0,1.0,1.0,0.0,0.0,0.0,0.0,2.0,1.8566
092PPVPVULCU,1254,1,hog_rider,hog_rider,1,2.6,20.4,0.0,0.7069,-0.0,-0.0639,1.0,0.5,0.0,0.0,0.0,0.0,0.0,0.0,0.0,0.0,1.0,1.0,0.0,0.0,0.0,0.0,2.0,2.143
092PPVPVULCU,1291,1,hog_rider,hog_rider,1,3.1,23.4,0.0,0.0,-0.0,-0.0,1.0,0.5,0.0,0.0,0.0,0.0,0.0,0.0,0.0,0.0,1.0,1.0,0.0,0.0,0.0,0.0,2.0,1.5
092PPVPVULCU,2085,1,hog_rider,hog_rider,1,3.7,17.2,1.0,0.75,-0.0,-0.0,1.0,0.5,0.0,0.0,0.0,0.0,0.0,0.0,0.0,0.0,1.0,1.0,0.0,0.0,0.0,0.0,3.0,2.25
092PPVPVULCU,2741,1,hog_rider,hog_rider,0,16.4,15.6,0.75,0.0,-0.0,-0.0,0.5,0.0,0.0,0.0,0.0,0.0,0.0,0.0,0.0,0.0,0.6926,0.6926,0.0,0.0,0.0,0.0,1.9426,0.6926
092PPVPVULCU,2768,1,hog_rider,hog_rider,1,16.3,17.9,0.0,0.0,-0.0,-0.0,0.5,0.0,0.0,0.0,0.0,0.0,0.0,0.0,0.0,0.0,1.0,1.0,0.0,0.0,0.0,0.0,1.5,1.0
092PPVPVULCU,3353,1,hog_rider,hog_rider,1,11.5,27.0,0.0,0.0,-0.0,-0.0,0.0,0.0,0.0,0.0,0.0,0.0,0.0,0.0,0.0,0.0,1.0,1.0,0.0,0.0,0.0,0.0,1.0,1.0
